/*
SQLyog Community
MySQL - 10.1.14-MariaDB : Database - ferreweb
*********************************************************************
*/

/*!40101 SET NAMES utf8 */;

/*!40101 SET SQL_MODE=''*/;

/*!40014 SET @OLD_UNIQUE_CHECKS=@@UNIQUE_CHECKS, UNIQUE_CHECKS=0 */;
/*!40014 SET @OLD_FOREIGN_KEY_CHECKS=@@FOREIGN_KEY_CHECKS, FOREIGN_KEY_CHECKS=0 */;
/*!40101 SET @OLD_SQL_MODE=@@SQL_MODE, SQL_MODE='NO_AUTO_VALUE_ON_ZERO' */;
/*!40111 SET @OLD_SQL_NOTES=@@SQL_NOTES, SQL_NOTES=0 */;
CREATE DATABASE /*!32312 IF NOT EXISTS*/`ferreweb` /*!40100 DEFAULT CHARACTER SET utf8 */;

USE `ferreweb`;

/*Table structure for table `carrito` */

CREATE TABLE `carrito` (
  `id_carrito` int(11) NOT NULL AUTO_INCREMENT,
  `id_cliente` int(11) NOT NULL,
  `fecha` date NOT NULL,
  `fecha_compra` date DEFAULT NULL,
  PRIMARY KEY (`id_carrito`),
  KEY `carrito_cliente_id_cliente_fk` (`id_cliente`),
  CONSTRAINT `carrito_cliente_id_cliente_fk` FOREIGN KEY (`id_cliente`) REFERENCES `cliente` (`id_cliente`)
) ENGINE=InnoDB AUTO_INCREMENT=5 DEFAULT CHARSET=utf8;

/*Data for the table `carrito` */

insert  into `carrito`(`id_carrito`,`id_cliente`,`fecha`,`fecha_compra`) values 
(4,1,'2016-05-07','2016-05-07');

/*Table structure for table `carrito_detalle` */

CREATE TABLE `carrito_detalle` (
  `id_carrito` int(11) NOT NULL DEFAULT '0',
  `id_producto` int(11) NOT NULL DEFAULT '0',
  `cantidad` decimal(8,2) NOT NULL,
  PRIMARY KEY (`id_carrito`,`id_producto`)
) ENGINE=InnoDB DEFAULT CHARSET=utf8;

/*Data for the table `carrito_detalle` */

insert  into `carrito_detalle`(`id_carrito`,`id_producto`,`cantidad`) values 
(4,11,'14.00'),
(4,12,'13.00');

/*Table structure for table `categoria` */

CREATE TABLE `categoria` (
  `id_categoria` int(11) NOT NULL AUTO_INCREMENT,
  `categoria` varchar(30) DEFAULT NULL,
  `imagen` blob,
  PRIMARY KEY (`id_categoria`)
) ENGINE=InnoDB AUTO_INCREMENT=8 DEFAULT CHARSET=utf8;

/*Data for the table `categoria` */

insert  into `categoria`(`id_categoria`,`categoria`,`imagen`) values 
(1,'pinzas','data:image/jpeg;base64,/9j/4AAQSkZJRgABAgAAZABkAAD/7ARlRHVja3kAAQAEAAAAPAACBFAAAAImAEMAYQBtAGUAcgBhADoAIAAgACAARQBPAFMAIABEADIAMAAwADAAQwANAFMAZQByAGkAYQBsACAAIwA6ACAAQwA1ADIAMABDAC0AMAAzADMAOAA5AA0AVwBpAGQAdABoADoAIAAgACAAIAAxADcAMgA4AA0ASABlAGkAZwBoAHQAOgAgACAAIAAxADEANQAyAA0ARABhAHQAZQA6ACAAIAAyADQALwA0AC8AMAAyAA0AVABpAG0AZQA6ACAAIAAgADEAMAA6ADAAMwA6ADAAMQANAEQAQwBTADUAWABYACAASQBtAGEAZwBlAA0ARgBXACAAVgBlAHIAOgAgACAAIAAzAC4AMgAuADMADQBUAEkARgBGACAASQBtAGEAZwBlAA0ATABvAG8AawA6ACAAIAAgAFAAcgBvAGQAdQBjAHQADQBBAG4AdABpAGEAbABpAGEAcwBpAG4AZwAgAEYAaQBsAHQAZQByADoAIAAgAFIAZQBtAG8AdgBlAGQADQBDAG8AdQBuAHQAZQByADoAIAAgACAAIABbADEAOAAzADAANQBdAA0ASQBTAE8AIABTAHAAZQBlAGQAOgAgACAAMgAwADAADQBBAHAAZQByAHQAdQByAGUAOgAgACAAZgAyADIADQBTAGgAdQB0AHQAZQByADoAIAAgADEALwAxADAAMAANAE0AYQB4ACAAQQBwAGUAcgB0AHUAcgBlADoAIAAgAGYANAAuADUADQBNAGkAbgAgAEEAcABlAHIAdAB1AHIAZQA6ACAAIABmADIAOQANAEUAeABwAG8AcwB1AHIAZQAgAE0AbwBkAGUAOgAgACAATQBhAG4AdQBhAGwAIAAoAE0AKQANAEMAbwBtAHAAZQBuAHMAYQB0AGkAbwBuADoAIAAgACsAMAAuADAADQBGAGwAYQBzAGgAIABDAG8AbQBwAGUAbgBzAGEAdABpAG8AbgA6ACAAIAArADAALgAwAA0ATQBlAHQAZQByACAATQBvAGQAZQA6ACAAIABFAHYAYQBsAHUAYQB0AGkAdgBlAA0ARgBsAGEAcwBoACAATQBvAGQAZQA6ACAAIABOAG8AIABmAGwAYQBzAGgADQBEAHIAaQB2AGUAIABNAG8AZABlADoAIAAgAFMAaQBuAGcAbABlAA0ARgBvAGMAdQBzACAATQBvAGQAZQA6ACAAIABPAG4AZQAgAFMAaABvAHQADQBGAG8AYwB1AHMAIABQAG8AaQBuAHQAOgAgACAAQQB1AHQAbwANAEYAbwBjAGEAbAAgAEwAZQBuAGcAdABoACAAKABtAG0AKQA6ACAAIAAxADAANQANAFcAaABpAHQAZQAgAGIAYQBsAGEAbgBjAGUAOgAgAFAAcgBlAHMAZQB0ACAAKABGAGwAYQBzAGgAKQANAFQAaQBtAGUAOgAgADEAMAA6ADAAMwA6ADAAMQAuADAANgAzAA0AAP/uAA5BZG9iZQBkwAAAAAH/2wCEAAYEBAQFBAYFBQYJBgUGCQsIBgYICwwKCgsKCgwQDAwMDAwMEAwODxAPDgwTExQUExMcGxsbHB8fHx8fHx8fHx8BBwcHDQwNGBAQGBoVERUaHx8fHx8fHx8fHx8fHx8fHx8fHx8fHx8fHx8fHx8fHx8fHx8fHx8fHx8fHx8fHx8fH//AABEIAV4BwgMBEQACEQEDEQH/xACtAAEAAgMBAQEAAAAAAAAAAAAAAwUCBAYBBwgBAQACAwEBAAAAAAAAAAAAAAABAwIEBQYHEAACAgECBAIGBwUGBQMFAAAAAQIDBBEFITESBkEHUWFxkSITgaGx0TIjFMFCUtIVcpKisjOD4WKCY0TCcwhTJCU1RREBAAICAQMCBAUCBQMFAQAAAAECEQMEITESQQVRYSITcYGRMgbwQqHR4RQVwVJysfFigpIj/9oADAMBAAIRAxEAPwD9UgAAAAAAAAAAAAAAAAAAAAAAAAAAAAAAAAAAAAAAAAAAAAAAAAAAAAAAAAAAAAAAAAAAAAAAAAAAAAAAAAAAAAAAAAAAAAAAAAAAAAAAAAAAAAAAAAAAAAAAAAAAAAAAAAAAAAAAAAAAAAAAAAAAAAAAAAAAAAAAAAAAAAAAAAAAAAAAAAAAAAAAAAAAAAAAAAAAAAAAAAAAAAAAAAAAAAAAAAAAAAAAAAAAAAAAAAAAAAAAAAAAAAAAAAAAAAAAAAAAAAAAAAAAAAAAAAAAAAAAAAAAAAAAAAAAAAAAAAAAAAAAAAAAAAAAAAAAAAAAAAAAAAAAAAAAAAAAAAAAAAAAAAAAAAAAAAAAAAAAAAAAAAAAAAAAAAAAAAAAAAAAAAAAAAAAAAAAAAAAAAAAAAAAAAAAAAAAAAAAAAAAAAAAAAAAAAAAAAAAAAAAAAAAAAAAAAAAAAAAAAAAAAAAAAAAAAAAAAAAAAAAAAAAAAAAAAAAAAAAAAAAAAAAAAAAAAAAAAAAAAAAAAAAAAAAAAAAAAAAAAAAAAAAAAAAAAAAAAAAAAAAAAAAAAAAAAAAAAAAAAAAAAAAAAAAAAAAAAAAAAAAAAAAAAAAAAAAAAAAAAAAAAAAAAAAAAAAAAAAAAAAAAAAAAAAAAAAAAAAAAAAAAAAAAAAAAAAAAAAAAAAAAAAAAAAAAAAAAAAAAAAAAAAAAAAAAAAAAAAAAAAAAAAAAAAAAAAAAAAAAAAAAAAAAAAAAAAAAAAAAAAAAAAAAAAAAAAAAAAAAAAAAAAAAAAAAAAAAAAAAAAAAAAAAAAAAAAAAAAAAAAAAAAAAAAAAAAAAAAAAAAAABr3ZuJStbb4V/2pxX2sYllFJntEy0ru6O3af8AU3LHTXP8yL+xjC+vD3W7Ut+ktWffPacF8W6UfQ2/sQwtj2zkz/ZZG/MHs5c90q90/wCUM/8AieT/ANki8wezXwW6Vf4vuB/xPJ/7JSR787Rly3Sj6W19qDGfbOTH9lk9HdfbVvCvc8eT9Dsivt0GFduDvr3pb9G9Tn4F6/JyKrf/AG5xl9jDXtqtXvEx+TaDAAAAAAAAAAAAAAAAAAAAAAAAAAAAAAAAAAAAAAAILba6a5W2SUK4JynJ8Eklq2wmtZmcQ+W9w+b+ZHJnTs9UI0weiutXVKXrS5JFOzfWvR6zh/x2s1idszmfSEWxecebHIjXvFMLKJPR3VLplHXx6eTGvfW3Tsy5f8cr451TOfhL6phZmNm41eTj2K2i1KUJx4ppl0vJ3pNJmJjEw2gwAAAAAAhuurpg7LZquCWrlJqKX0sJiJmcQoNy8wu1MDqjPNjbYucKdZv3rh9ZE9O8ujp9p5GztWY/Ho5XcPOjGUunb8CVknwi7Zaav+zHX7TCd1XW1fxq3e9sfgp5+Yfe+41O7GdWJjfE3NKK0jXp8yXxdU2oa/FouAjZMxmI6NuPaOJqnFpm1v8APt8uvoou4d+3+NWJZLebcyvMhKyLh1wilGfRwT5rVego38iaRExPdv8AC4miZtH24rNJx1xPplzlmdlWtudkpa822zUtyry61dNa9oROdr8eJXO+8s/GIErH4EeV09HvRYTi6MwfLnyHjf4mYPl2+keN/ijMPeiz0mUefxTmHsHlQesJSi/U9DKNm2PVjMVnutdv7x7q2qcZY2daoL9ycnOD9sZaotjlbK94zDS3+2cfbHWsfk+pdj+aOJvbjhbmo4u4cFGSeldj9XofqN7Xsi8Zh5D3T2W2j6qfVT/GH0IzcIAAAAAAAAAAAAAAAAAAAAAAAAAAAAAAAAAAAA5DzM3CWJ25Oqt9M8mSg2v4VxY+Mut7Lpi++Jn06vgt3GyRxd37pfRK9kfFFVL+MsneeWPe8trzFtebY1g3y/Lk3wrsfj7H4nY4+3yjE93mPfvbPuR9ykfVHf5vt8JqUdVy9Je8UyAAa+XmYuLW7Mm2FNa5ynJRXvegZ012tOKxMy5PdvNTtfB6o0WTzbY8lUtI6/2pafVqYzaI7y6/H9i5GzvHjHzcluXmh3Tm1OzbcL9HiaqP6lxlJJvgtbJLoiYTt+EOtp9i49Jxst5W+Gf+ndTZWBve6u15W6T3DMSaji4inkpS8FOxdNUPeRbyn1/Rua9+rTjxpFK/G2K/pHeW5j7Bt7WFOnao37TkwTzdyyr+idMtXGcFq4RjKEl4J6k+ETiMdJa9+bs+rOzGys/TWtelvh8ekuWzcbO2Hf7Y0yXzsSxvHslFSXS+MJpS/wCVriaU0tr2Zh2tWynJ0RM9rR1/6rujurbsLKyJ1U2WY2ROGX8mMvlqF8oONtUk1JOpyerS5m396tXNt7bs2ViJmItWJrnvmM/Tb/yc1l7hK+qmqzpUMbrVKitOmNk3Nx9ib4Gpe0TiPg7GvTFJmY72xn8ow1XfUuSKvOq7DB5a8EYTthEzDx5jH3keVWP6yXpI+9KPOrH9XP0j7sn3Kn6uXjIxnZJ9yHn6uS8SfuSfch7+tmlzJjbZH3IY2Z1jjo3qiY22lE7Meja2Pbtw3HMhj4UXK+yXwJcNPXr4aG9x9c92nyuVTXWbXnpD9NbRK1YdNd0uuyuEYzn/ABSS0b4+lm5L5xe0TaZjpGViGIAAAAAAAAAAAAAAAAAAAAAAAAAAAAAAAAAAD595sSbxcWv93SctPcifSXoPYI+uZ/B8Yu6VY9Tjb4jye6r2RtamvZlCKesX1RfFcjPVtmsxLC/Z9J7M82ZYWLDD3SMsiqC6YWp/HFLw4/i0O1TbW8ZeT5/sfnaba+mfR02b5ydvVVf/AG1N19mnJ6QS+nWX2Ezasd5aWr+O77T9UxEOby/M3uzdlkQ2qqNEKK3baq9JWKuPN6z48P8AlRh97P7Yzh06eycfTidszOZxGe2XP41eTveLLdM7Mvy1VfGrKx4NfNSs4VzU5vp6ZT4P0Fdb+cZz0dDZevHv9qla1ma5iZ7dO/b5L6ztinF2rIz8bAi8nEcZY8Me39dfGafxO+K1r6enw6TOaREZx1c2vPtfZFLX+m2c5jwj/wCvq8q7l7cyqczEnl5uPk5NLx45+clbUoy/EvkVOMYe5j7sTExn9WVvb99JreK0tWs58a9J/wD1Pdp4/fGJi7RTtOXiPPjg6149lV9lFFsV+GVtcVFy09ZhG2IjEti/tVr7J21t4efeJiJtH4S5ndO4rMyuVHy66cT50r6sWqPwVymtGo66vT1GvfkxjDqaOHXXPlmZt44mZ9VVdn2WT6pScpfxSbb+s17b5lfE1rGIQTypPmyqbzLGdqKV/rI6sJ2ywd5MVyw85l581mcapRNpeKU34Gf2JR5PdLX4Myjjyjzhkqrn4MzjjSj7kMljZD0+F/WZxxUfehJDb8uf4a5P2JsyjisZ5FYbNXb+8WtKGJdLXlpCT/YZxxVdudrj1j9Vxtvlz3NmTWuJKiGvGy78tL38fqLK8eIaW73nTX+7P4PrHZfZONsdLUfzsu1aXZGmiS/hj6vtL4iIjo8vzuffkW69Kx2h3WPQqoaeIaKUAAAAAAAAAAAAAAAAAAAAAAAAAAAAAAAAAAADgPNSvTDx7f3Upxb8NXoyY7O97Fb65h8VyH8fDicjkT1e8pHRnj1u19KWsvAw065si9sIraJJtNcuZVfXMSmJiYV85dGqXpL9d8VU2jCSmcm+L8CmbWlnSZW+ybhlbXuNOdStXU/irk+E4SWkoP1NF+jyrbyV8vRXdrmk+vqu4b/sOBjZlW27ZOMs+Eq8j9Rb1RUJcdIxiv3fA242UpExEd3Otwt+y1Z2Xj6JzGIc9j7hZhT+Zi3Tos00c65OEtH646Gt93x7S6mzXW8YvETHzalubOTbb1berb4vUqtvmTyrHZrTym+b1KpmZV23IJZAikyqnY81snwSZfTRMsJulqw8m1pRi23ySRsV4qu26sLzbuwu5M6KlThWdD5TmuiPvnoXV40NHb7ppp3tDocLyd3qxReRdTTrzWrnJfRFftLY0xDQ2e/UjtEyu8TyYxUtcjNnJ+KrrSXvbMopENO/v157V/xXGP5R9uw0643WtemaSfuRliGtb3jfPbEfktcfy27arS026MvXNzl9rJy17e475/ulYVdk7JBLp27Hjp/24v7RlVPK2z3tb9W3V21g1rSvGph7K4fsRGVc7Lz3mf1bMdorj+FKPsSX2E5YTMz3TR21fxfaQjDKO3VLi+IS2K6YVr4UgJAAAAAAAAAAAAAAAAAAAAAAAAAAAAAAAAAAAa2TmYmLD5mTdCmCXFzkor69AzpS1pxETM/Jzu4+ZXaGDqnm/qJrh0URc/r4R+sxtaI7y6Wn2Xk7P7cfi+ad9+Yku4K442JU6cOuXV8T+OT5avTka2/lREYh6j2n2b/bz5WnNpcO+tvV8zmzMzL0HRLj5k6NehLj7/oZnr5E6+0K9muLd0eXn22Sc5Pi/QRffa85lXmKRiFXZNtv1iqmbZSY9vS9WTFsT1WUu2XnTfqFt0yy+5CGeU3zf0FczMsJ3IJ5GoikyqnYwUrJvgmX00TKqbrDbe3d33GxRxcay5v+CLa9/I2qcVrbeZTXHWYh2e0eT+7XdMs2yvFj4rXrn7o8PrNmumsORv8AfaR0rmXZ7X5Udv4+jthZlT/7j6Y/3Y6faWYhytvu+63bFXWbf2xt+IksbFqo08YQSfv5k5aF917/ALpmVpDbILjJ6kK8J44lMdOAEiqrXKKAy0S5ID0AAAAAAAAAAAAAAAAAAfEd98u+/wBZl99eer/nTnPSvInXp1Sb5S6C2LwwtWcuZzO2fMbF5158ornKu2c1/glIy8oYTEqa+7u2l9NuZuGO1z6p3L/MT0RiWrLdu6Y/g3vK4emyf3hPVjLfO84/h3vJa9dtn8wOrB9x99x5bxkP0fnWfeMHVHLuvvxLjuuVp/70/D6SMGZYPvTvjn/Vcrl/9af8xOIMsX3l3xpr/U8vR8vzp/eMGZYPvHvXx3HMf+5Z94wdXtHc3e2VaqqszMsnLw+ZP69WBZRh3w63O/dJUQXGTndLgvS9BkxKWqjcW9MnuKSkmo9MJv8AE+KXFjJj5rPG2mqcVN7jk5C101Vz0enP8JGU4b9WBTWk1Ze5eDd1n7JDKVjRlZdK/Ly8iGngr7f5iBY0d0dw0/DDcb2l4Sm5/wCbUjEGW/jd+dy1rR5Ss8fjhF/sQ8YTmWeV5nd2116YOHiZl6aUvmuVUIrnzi22yPGE5dHT5l4bxapXYdsMmUYu2qLjKEZacUp6rVa+Ohj4J8kd3mdXGLcMBvT+K1L7IsnwIl8X3Tcs7Ozr7si2dkp2TfxSctNW9EtTlcjbfymH1DgUp9ms1iIzWGr8WpqZnLe6MoQ1ZNaZYzK2w6ceUGtF1tacfWdXTrrhpbb2iWnkbTfFtxacXy4mnt4Vs5hdXfWY6q+7DnGXTJpP1s1/sWieqfGJaF9ai2tV9AiMSpvTCFyaJmsqpl47W+XvJrrmWHk39p7f3zebFDbsS3I/inFaQXtm/hNinGy1t/L16o+uYh3ey+SufY4z3TLhQucqaF8yX956RX1m3TREONv9+r2pXPzl3uzeWXbeB0uGEr7Fx+ZkP5j/ALvCP1F0REORu9y3bPXEfJ1eNtFdcFXGKrhH8MIpJL6EGjOZnq3a8KmHhqwJ4xilwSA9AAAAAAAAAAAAAAAAAAAAAAAAMJ1Qn+JagRPBofhoEIbNsqnFp8V6HxBhWZfZ2y5KbvwMe3q5uVcNffoicmFLl+VXad6//XKt+mqU4/V1ExaUYU2X5Kdvzb+Rbk4+vh1Rmv8AFEnzk8VLl+R1qTeNufxeCtq0XvjJ/YT5o8VHm+TPdUIflTxchrkozcH/AI4onzhHiqsry070x+H9NlYl41ShZ/lZPlCPGVPl9vb/AIrf6jbcmpR/E5VTS9+mhOYRiVZP5kE+Dg/FPWJKGtd+oyJShH5lsmopR1lJ6dWr0QHv9E3WWtrxLvl6O7r6JafL5deun4dfEZMSghHcMSxOHzKbYRfCPVGS6ufs1Avtv33uvIdccOiGa3pBVNS629PDperIllEurhgeZMKoW39rTkpLXppug5fTBttEZj4p6obd13nF4Zvbu6Y78X8hzjy4vWJPT4o6osfvLZrsiGLGVteTOShGu2qUPjfBJ89Bgy6KPwQcY80ufPj6X9JCcq7Bz7G73fdGyMEp9cFoopc106cAJciUcnGkqL9G9PiT5Pnpw0aIZRLjZZ1UL7asiyML4SfXF8PtOdv1TNuj6F7TzNf+3rFrdYeT3XBiuqVq+s0p1znq6n+6147oX3BhR16W5fYTESqnm62L7o6V+XH6W/uLK2tCm3Nr6Q1Lu48+zgrOhP0cPrJm9p9VFuVaezSszb7HrKbl622Y+Kqdtp9Xtd9y49TMoomNkwsMB25ORXjxrdttsuiuuC1lKT5JIurXqsnfERM27fF9o7S8pNsxqqsjd6/1uc9JPHk/ya36NF+Nr08jarriHluZ7xe8zGv6a/H1l9IxNorpqjXCEa6or4a4JRil6kuBY40zMzme6xrxKYaaIgTJJcloAAAAAAAAAAAAAAAAAAAAAAAAAAAAAAAAAAAB44wfNIDB0VP91AYPDofNAYPb6vBtAw08nYMLJWl1Ndy9FkIz/wAyJyYa2P2vtmLNSxsOilxk5wlXXCDUmtHJaJcWhlGG9Ha4KKT005aL0DI0dx7S2fca3DMxKshSkpy64rWTitE21xfD1jJhyOBtnl/2TfbGOZCi/J/MfXKV1nS21pFQi3GPAynMo6Qs35h9kwg/l5F2Q/RXjX/+qMSPGTMNafmZ23x+Xh58n4fl1wTftlYifEy5Du3dtp362m/H2u3DzqZxf6yc6n1QT4xnGGren7r1MojCJ6tD5r8V9JKFPgT0zMnH116lLVvg+fgtX9gS2MKF1Vdkr3L4uPxyT0015ghz2Uqr8u6zpjJSm9HpwenA5PJvPnOH0j2rj1jj0i0RPT/1Q3bdh2x6bKYyXPTTT7DWtuvHq3p4eme9YQvYtsa4VaextftKvvWhE8LV8GL7f298lNf9RNdtpYf7DX8z+ibfD92TfrkyZ2TB/s9UfF5PacLThU1602I22yTxafCWr/TqPnQj835dbklOUo9XSteL0XF6F9N3pLT2aYjPj+j7x5cdjdt4GLXuW23x3LJsXS9wemkdVxjCH7j9OvxHTpWIjLx3uHL3XtNLR4RHp/Xd9LxcVVR48zJzWwAAAAAAAAAAAAAAAAAAAAAAAAAAAAAAAAAEGRl4lC1yLoVL0zko/boMCrye8u08Xhkbxh1v0O+tv3Jk+MiqyPNfy/o16t4rm14Vwts/yxZPhKPKFXkeeXY9Sar/AFl/ocKdF/jlAeEnkqsj/wCQW1x1/TbNlW6cnOddf2dZPgjyVGR/8gd8lJ/ptjphHw+ZdOb/AMMYonwPJX3+eXfVy/Jw8OhPgvgsm1/emT4QjylV5Hmn5n5GsVuMaYvwqoqj9bi2T4wjMpMfzB7wnWoZmZkTaXGddjjrp46LQnxgzKx27zB3nFl8G4Xrg/gt1sjq+fPqI8TK5r80N9nX0RzaeroUVNwj1ap69XHxfu9RHhCfJr5veHceY/iz5qHX8yMaWoJPp6dE48dPVqPGDKkS0fFEoeL06APDVBDKLfEJG34/cBpWUYyyXdZdBLi+ltR5rxeoMsMrcdrhU1PLp18IuyL+rUM6RmcNHG27V9Oq1XgvDxOfOjMvqOq0UpEfCEk8PjoUW466NrCzCnGtz0+FFV+NMRllG2Jlr6v7jVrOFj2KivDV+kym0QiSRVN5lLRy4Rk9frLKTLW3Vytuz+6s/tzcf1OJY4KX+tQ3+VavRNeHtOlx99e09HJ5vDruri0fn6w/S+3Z1Wbh05VUlKF0FNNNNcVrzRuvCXrNbTE94boYgAAAAAAAAAAAAAAAAAAAAAAAAAAAAGnuUsiG3ZMsZN5MapypSWr61FuKSfrEJfBdw7n847H8eDusH6IRjV/khEuiKqJtb4KDcM3zIyuGZt263r0W23te4yjCJmVPdi90ybc9gvb9M1ZL7UTmEdUDx+5o8tjnH2wn9xGYZQwm+6l//Jcf9uYShlkd1R/8Dp/25fcBDPL7qXPH6fZW0QlDLO7n46Qa9Hw/8AdGDze5nzbX0AzCOWb3G/xWT19K4EozCN5G/t/6s19LB0YPI37X/Unr7QdHn6nfm9PnT9fEGYFl79F/DkWRfhpJgzCavO7n1+DOyF7JyJR5Q2qsvumT1e45Pr0kwibtmGR3Kv8Azsh+2bJ6MJmUjh3FdxllXvXg/jl+wdDqQ7d33I4KN9mvL8ciMwnEraflP3dGKnZg2S1Skkl1Pjx8PEjzhP25VmZ2Lv8AjOLnt9tcYTjKc5rp6Yppt8iLX6S2OJqmdtf/AChu122wk9JNHCtS0PqVLtiGVJPXqevpKPK8Tld5Q3f6jbPHlTN66+PsLrcq1qTWURqjOYa6NOvdZDLwIiMsnukdG34GxSkIyr758TGIhrbJ6o649TaJljWMr3t/ubuHYLOvasydNeusseXx1S9sHw+ngW6uVavTLX5Pt2nfH1x1+L6bsPnhh2KNO+4csafJ5OPrZX7XD8UfrN2nLrPfo85yv43sr11z5R8J7voe177s+7Uq7bcyrKg1q/lyTa9sfxL6TZiYnrDgbuPs1Ti8TErIyUAAAAAAAAAAAAAAAAAAAAAAAAAAAANe3DrseuoEf9Or9IHj26PpYD+mx9IQ8e3L+IJwxe1xfj7yUMXs9T5xi/al+1DJhHLYsaXOut+2MfuGTCOXbmBJfFi0y9tcP2oZMIJ9pbRLjLBxn7aofcPIwhl2TsUvxbbiv/ah9wzJhDPy/wC3J89qxvogl9hPlKMNefln2tN8dqp19Skv2jykwgl5V9pS57XWuPhKa/8AUPKTxYw8rO04PVbbF+2c3+0ecni26fLntmr8O10/SnL7Wx5SeMN2rszZa38G3Y0f9qP7UR5Jw3K+38StfBRVH+zCK/YMmGzDa4pcHp6l/wAAYSx26pL1kJQZuzY2ViXY1jarug659L0ekk09NRllS01mJjvD5nvPkxTrJ7fl6Pmo3R4f3o/cRNIl3dPvto/dH6OQ3Dyw7oxG+nH+fBa/HVJS/wAPP6im3GiXW0e+abd5x+KjyNtycSLhfCVdkeEoyTTXt1NbZxsR1d3RyK3jMTlHWtdDm4y2oTOOhd4sco8mXy6tC20TWEZ9VTZPjxZVENS0tjElBSWvEyraInqt0zCwca5rVcDO9YlfGVngduWX0fqb59GOoqyTjw0g5dPVKcvhST8FrIs1cOZ6zPRpbudFbeNYzbt+eP6+TV3DAydpzoWY87KJP4q7YuVc048JLVdL4P6mmY76zqt07M9Oym+k+URPx/r+vV0ex+a3eOBOFV1i3Srkq74/mv2Th8XvTLNXLn16ubyv4/x7xmv0T8u39fo+gbH5xdr5yjXnOe23vhpcuqvX1WR4e/Q26b6W9cPPcr+P8jX1rHnHy/ydriZmLl1K7FuhfU+VlclOL+lMtcW9LVnFomJbJLAAAAAAAAAAAAAAAAAAAAAAAAAAAAAAAAAAAAAAAAAAAAAAAAAB44xlzWoEU8Wmfhp7APnfm9teHDZoZnSv1HX8nq4auMk3z9Whhs/ZL0H8evb73jH7e75DiUu22Na/EzjcfX52w9ze3jGU10FXY4v902b0iLYYUnMZVWdcpS4PVFN7ZljstiMK2TbloK1zLSzmWxjz0ZVaFuu2G9XP1leZht1uucDuDJx6YUTSnRBOKim4vRvq0enwy4vX4os3tPNxGLdmtu4VbzNo6Wn+v6wl3fc47ko9EFH4nbbKWkpzsktHJ6aJcElwRdtvG2OiOLx/s95+X4Qu+1dtqrxa5uqc8nInKUcjEkpWVRrTko3a69MZNclpr4vTgW8fVFY+bm+5b5m0xmPGI7W7Tn4fh/7OPy1TPJunQmqZ2TlVGWiahKTaT09COZsz5Tjs72uJisRbvERlZYFPcG1rCytrypVXZ7n+nrxZtyfRp1dceS5+JtU+5WIx/d6NLd9jb5V2R0pjOY+LrMDzd7r2u79NvWJDLcUnLVfKt6WuD1jrB6+wvjkTE4tDkbf49o2x5arY/wAYdltHm72ln9MMiyzb7nzjkR+HX+3HVF9dtZ7S4vI9g5GvtHnHydfh7jgZ1XzMTIryINa9Vc1JafQ2WQ5GzVak4tEx+LbCsAAAAAAAAAAAAAAAAAAAAAAAAAAAAAAAAAAAAAAAAAAAAAAAD5x5zT02nCqX71s5af2UvvMNn7Zek/jcf/1tPyfHqMqdEpdGmr8fHh6Dk03TrmcPa31xaOrXycmT6pSl8UuZTOy1p6sbTFYxCumnZrobOrVmGrst8XscNqL5t+s3KaYiGlOxjGmxPkVW0ZW02wmg5x4afQal9Ew3KzEpo2lE1mFkSkjZppoyImY7M4u2Kc22qXVGTUlyaej96L6cm0E0rbuz+dRZ+JdLLfOlk+MwucLdMaVkKsiTx6IYM8Gq2pfMcHPVys6dVr1NvXR+JtVvWZx8sOdt41oiZr9UzeLTE9M/JcY+dgSoxrMa6unBw5KrNjc4q63GorSqh0PVyVsnLhHk2XRaJxjt6tC+m/lMWiZvbrXGfGLWnrOfl0auV29t0JSxrcV0VV5GJRVlpyU75X6Su011i4xi9Y9K4GE6a9sesLtfN2THlFszNbzNen0+Pb/VR5e2Zmzx+esieLdO6yGNVByjZKuuTj819LWkdVovSal/LVGc46t/XupvnGPKIiJn4Zn+1abV3533j6rGzb8uFa6pQnD5yjH0t6NpGevl3n0y1eR7RxLd6xXPzw6Db/PDdq9FnYFWRFfinVJwb+h6ourzKz3hztv8YpP7LTH4uiwfOztu1JZWNkYr9KSsXvTRZXkUn1c7b/G98ftmtl7ieZXZWSl0bnXW3+7apQf1oti8T2mGhs9n5VO9J/JcY+/bLkpOjPx7NeXTbBv3amWGnfjbK962j8pbtdlclrGSkvU9QpmMJAgAAAAAAAAAAAAAAAAAAAAAAAAAAAAAAAAAAAAAAAAD5x5wQlPEwtF8Kdmr9fwkWj6Zek/jtsXt+T4vkaxlL1M5O3V1e18ujRtlJkU1NfZLawsbWEm1yOjqpiHP3bH0Psry5rzqYbhuqk6LPix8Rarrj/FN89PQkXRDzfO9ymszWneO8votPZGxfI+UttxlXppp8uLfH1tamTkf7nbnPlP6qDefKDY8lOeJ14djXBR+OHufFe8xmsS6PH963a+/1Q4TefKvuDC1lRBZdS5OrjLT1xfH3FF+NEu9xvf9V+lvplyOTgZmLNwurlXOL4xkmn9ZqbOJMO1TfW8ZicolZJGtbTMLoZq0qmswnymGcbUMyy82cbpJ8JExttCcw2f6nmN0dds7FjNPHjKTaho9fhT1S4l8cqemfRh9mnXERHl3Z7humTuWZZmZtjtyLX1Sm/sS5JL0C++LzmUaNFdVIpSMVh1vY297Htu25Xzsv9PmyuU+iSl+bBVuNcdVw0U59Uk/A3+LekVxE9XE934u7bsrivlTx/Tr1/w7Ie9cTHxdo2rFax550ZWOzJx1WuuqOkYNdC/DP8XxavUw5lI8Yj1Z+1bLX27LfV4dMROe/r39Y7dHHuqRzvt2js7+WLqfitWPqMvFW09UtH6v+BlF7QS2Kc3Po/0sm2v+zOS+wsjlXj4qraKW71ifyWFPd/dVCSr3XKilyTscl9ZlHMu1re2ce3elf0WFHmV3tVp/+SlZp/HGEv2Gcc63wUX9j4s/2Y/OVjj+cPd1bXzJU3RXPqrSb+mOhZHOj1hq3/jfHnt5R+bo9m87cS2yNW8Yjx1J6fqKW5RXti+P1l9OVrtOHK5X8avWM67eXyl9KxMzGzMaGTi2RuotSlXZF6xafoNh5q9JrM1tGJhshgAAAAAAAAAAAAAAAAAAAAAAAAAAAAAAAAAAA5fv/Z57jsU/lQ6rsd/MjHxa00kl9pMOn7Vyftboz2l8D3HDnXOT0b0ZRbW9197or6sWUrOKMaa2vt2uz7S7Vt3PIhGSccSDUsiz1fwr1s2YjEOHz+bGuP8A5T2fbttxIV1xaioxikoRXJJcEkRl5buswAEc6K5rjFe0Cr3Lt3bNwrccrHrvTX78VqvY+ZOVmrdfXOazMfg4fe/J/a7+qzCnLFm+UJfHD+ZfWYzWJdjj+/badLx5Q4LePLXuHb5OSpd9K5Tq+JfT6Ci3Giezvcb3vTs6ZxPzczfg5VD0trlFrnqtDVvxZdWu6tu0oOqaZrTomFkSy+bIrnXKcvVcjGap85ZfNRGE+bKNyXJ6E+Vo9U+bP9Q14mUbLJ84ZLJengZRtlOYe/qfUZfeT0e/qI+KJ+7A9WRXpyJ+7CMHz6vQR92p+b1ZFGnFGUbKH5ob76ZLhHRmNrVnseWPV3HlZ33ZtWXDac2TlgZU+mqT4/KslwT/ALMvE6PG2eVcS83737dG2s7afvrH6w+7xkmtUbLxT0AAAAAAAAAAAAAAAAAAAAAAAAAAAAAAAAAAHjWq0YHFdxeXm17hZO6nXHsm9ZKK1g/+nw+gnLqcf3bbrjE/VCjwvK/CquUr7p2/8kYqPvb1JZ7feLWj6Yw7ba9moxao1U1KqmHKC+1+kiZcq97XnNpzK6hCMY9MeRDFkAAAADSfNagQ2YtU/DT2AVG5drbXmprIxq7dfFx0lx9a4k5XauRs1/ttMOS3Tyj2S/V0dePJ/wALUo+56P6zGaxPeHT0++bq98WcnuPk9ulTk8S+u5eEZawf18PrK50Vl09P8hpP7omHN53YPc2Gm54Vjiv3oLrXvWpVbiw6Wr3fTftaPzUl235tMnG2qUGvCSaKLcSW7XkVntKGULY80V24zPzrLHqmvArnRKfKHnzHoY/Zky9+ayPtSnJ81j7MkWPnSJ+zJkdsh9mTyefMm/AyjRKPP5pacbJyLIwrhKUpPRJLV6l2vi9VV91YjMy+m9l+WVtdtG4btrGVbVlOGvxNp6pz9HsOhTVFXmvcPe8xNNfr0z/k+yYUZqr4zN5psAAAAAAAAAAAAAAAAAAAAAAAAAAAAAAAAAAAAAMfl1666LUDJLQAAAAAAAAAANJ8wMJVVy/FFARTwaXxXBgw08jZMW9NW1xtT5qcVL7Scpraa9pmFTldh9v3/wCpt9LfpUen/K0GzXm769rSrb/K3tizng9HrhOa/ayOi6vuvIj+7/CGjZ5P9tSeqrvj6lZ98WR4wtj3rkfGP0Qy8m+3Xy/Ur/rj/KR4Qyj3zf8AL9P9WD8me33ylk/3ofyjwhP/ADm/4R/X5i8me39fxZL1/wCaH8pPhU/5zf8ACP6/NnHyd7dT/wDIfqc4/wAo8YYz73vn/t/T/VvY3lX2zVzw5Wv/ALk5P6l0k4hVf3XkT64/CF7t3am24On6TDqoa/ejH4v7z4k5ae3kbL/utMrvHwq61q+LIVNoAAAAAAAAAAAAAAAAAAAAAAAAAAAAAAAAAAAAAAAAAAAAAAAAAAAAAAAAAA0QDRANEA0QAAAAAAAAAAAAAAAAAAAAAAAAAAAAAAAAAAAAAAAAAAAAAAAAAAAAAAAAAAAAAAAAAAAAAAAAAAAAAAAAAAAAAAAAAAAAAAAAAAAAAAAAAAAAAAAAAAAAAAAAAAAAAAAAAAAAAAAAAAAAAAAAAAAAAAAAAAAAAAAAAAAAAAAAAAAAAAAAAAAAAAAAAAAAAAAAAAAAAAAAAAAAAAAAAAAAAAAAAAAAAAAAAAAAAAAAAAAAAAAAAAAAAAAAAAAAAAAAAAAAAAAAAAAAAAAAAAAAAAAAAAAAAAAAAAAAAAAAAAAAAAAAAAAAAAAAAAAAAAAAAAAAAAAAAAAAAAAAAAAAAAAAAAAAAAAAAAAAAAAAAAAAAAAAAAAAAAAAAAAAAAAAAAAAAAAAAAAAAAAAAAAAAAAAAAAAAAAAAAAAAAAAAAAAAAAAAAAAAAAAAAAAAAAAAAAAAAAAAAAAAAAAAAAAAAAAAAAAAAAAAAAAAAAAAAAAAAAAAAAAAAAAAAAAAAAAAAAAAAAAAAAAAAAAAAAAAAAAAAAAAAAAAAAAAAAAAAAAAAAAAAAAAAAAAAAAAAAAAAAAAAAAAAAAAAAAAAAAAAAAAAAAAAAAAAAAAAAAAAAAAAAAAAAAAAAAAAAAAAAAAAAAAAAAAAAAAAAAAAAAAAAAAAAAAAAAAAAAAAAAAAAAAAAAAAAAAAAAAAAAAAAAAAAAAAAAAAAAAAAAAAAAAAAAAAAAAAAAAAAAAAAAAAAAAAAAAAAAAAAAAAAAAAAAAAAAAAAAAAAAAAAAAAAAAAAAAAAAAAAAAAAAAAAAAAAAAAAAAAAAAAAAAAAAAAAAAAAAAAAAAAAAAAAAAAAAAAAAAAAAAAAAAAAAAAAAAAP/2Q=='),
(2,'destornilladores',NULL),
(3,'martillos',NULL),
(4,'1',NULL),
(5,'3',NULL),
(6,'3',NULL),
(7,'3',NULL);

/*Table structure for table `cliente` */

CREATE TABLE `cliente` (
  `id_cliente` int(11) NOT NULL AUTO_INCREMENT,
  `nombre` varchar(30) NOT NULL,
  `apaterno` varchar(30) NOT NULL,
  `amaterno` varchar(30) NOT NULL,
  `nacimiento` date NOT NULL,
  `domicilio` varchar(50) DEFAULT NULL,
  `foto` varchar(30) NOT NULL,
  `no_int` varchar(10) DEFAULT NULL,
  `no_ext` varchar(10) DEFAULT NULL,
  `colonia` varchar(30) DEFAULT NULL,
  `cp` int(11) DEFAULT NULL,
  `id_municipio` int(11) DEFAULT NULL,
  `id_usuario` int(11) DEFAULT NULL,
  PRIMARY KEY (`id_cliente`),
  KEY `clienteMunicipio` (`id_municipio`),
  KEY `cliente_usuario_id_usuario_fk` (`id_usuario`),
  CONSTRAINT `clienteMunicipio` FOREIGN KEY (`id_municipio`) REFERENCES `municipio` (`id_municipio`),
  CONSTRAINT `cliente_usuario_id_usuario_fk` FOREIGN KEY (`id_usuario`) REFERENCES `usuario` (`id_usuario`)
) ENGINE=InnoDB AUTO_INCREMENT=8 DEFAULT CHARSET=utf8;

/*Data for the table `cliente` */

insert  into `cliente`(`id_cliente`,`nombre`,`apaterno`,`amaterno`,`nacimiento`,`domicilio`,`foto`,`no_int`,`no_ext`,`colonia`,`cp`,`id_municipio`,`id_usuario`) values 
(1,'3','','','0000-00-00',NULL,'',NULL,NULL,NULL,NULL,NULL,2),
(2,'3','','','0000-00-00',NULL,'',NULL,NULL,NULL,NULL,NULL,3),
(3,'3','','','0000-00-00',NULL,'',NULL,NULL,NULL,NULL,NULL,4),
(4,'3','','','0000-00-00',NULL,'',NULL,NULL,NULL,NULL,NULL,5),
(5,'Cristian','','','0000-00-00',NULL,'',NULL,NULL,NULL,NULL,NULL,6),
(6,'','','','0000-00-00',NULL,'',NULL,NULL,NULL,NULL,NULL,8),
(7,'','','','0000-00-00',NULL,'',NULL,NULL,NULL,NULL,NULL,1);

/*Table structure for table `empleado` */

CREATE TABLE `empleado` (
  `id_empleado` int(11) NOT NULL AUTO_INCREMENT,
  `nombre` varchar(30) NOT NULL,
  `apaterno` varchar(30) NOT NULL,
  `amaterno` varchar(30) NOT NULL,
  `rfc` varchar(13) DEFAULT NULL,
  `nacimiento` date NOT NULL,
  `foto` blob,
  `id_usuario` int(11) DEFAULT NULL,
  PRIMARY KEY (`id_empleado`),
  KEY `id_usuario_fk` (`id_usuario`),
  CONSTRAINT `id_usuario_fk` FOREIGN KEY (`id_usuario`) REFERENCES `usuario` (`id_usuario`)
) ENGINE=InnoDB DEFAULT CHARSET=utf8;

/*Data for the table `empleado` */

/*Table structure for table `estado` */

CREATE TABLE `estado` (
  `id_estado` int(11) NOT NULL AUTO_INCREMENT,
  `estado` varchar(30) DEFAULT NULL,
  PRIMARY KEY (`id_estado`)
) ENGINE=InnoDB DEFAULT CHARSET=utf8;

/*Data for the table `estado` */

/*Table structure for table `marca` */

CREATE TABLE `marca` (
  `id_marca` int(11) NOT NULL AUTO_INCREMENT,
  `marca` varchar(30) NOT NULL,
  `foto` varchar(30) DEFAULT NULL,
  `id_proveedor` int(11) DEFAULT NULL,
  PRIMARY KEY (`id_marca`),
  KEY `marcaProveedor` (`id_proveedor`),
  CONSTRAINT `marcaProveedor` FOREIGN KEY (`id_proveedor`) REFERENCES `proveedor` (`id_proveedor`)
) ENGINE=InnoDB AUTO_INCREMENT=7 DEFAULT CHARSET=utf8;

/*Data for the table `marca` */

insert  into `marca`(`id_marca`,`marca`,`foto`,`id_proveedor`) values 
(2,'HP','logo_HP_principal-550x401.jpg',3),
(3,'Apple','windows-8-icon.png',1),
(4,'Lanix','lanix_logo_22.png',4),
(5,'Dell','descarga.png',3),
(6,'Prueba',NULL,1);

/*Table structure for table `municipio` */

CREATE TABLE `municipio` (
  `id_municipio` int(11) NOT NULL AUTO_INCREMENT,
  `municipio` varchar(30) DEFAULT NULL,
  `id_estado` int(11) DEFAULT NULL,
  PRIMARY KEY (`id_municipio`),
  KEY `municipioEstadoFK` (`id_estado`),
  CONSTRAINT `municipioEstadoFK` FOREIGN KEY (`id_estado`) REFERENCES `estado` (`id_estado`)
) ENGINE=InnoDB DEFAULT CHARSET=utf8;

/*Data for the table `municipio` */

/*Table structure for table `privilegio` */

CREATE TABLE `privilegio` (
  `id_privilegio` int(11) NOT NULL AUTO_INCREMENT,
  `privilegio` varchar(30) DEFAULT NULL,
  PRIMARY KEY (`id_privilegio`)
) ENGINE=InnoDB AUTO_INCREMENT=7 DEFAULT CHARSET=utf8;

/*Data for the table `privilegio` */

insert  into `privilegio`(`id_privilegio`,`privilegio`) values 
(1,'administrar_todo'),
(2,'agregar_cliente'),
(3,'borrar_cliente'),
(4,'actualizar_cliente'),
(5,'consultar_cliente'),
(6,'agregar_producto');

/*Table structure for table `producto` */

CREATE TABLE `producto` (
  `id_producto` int(11) NOT NULL AUTO_INCREMENT,
  `nombre` varchar(50) NOT NULL,
  `foto` blob NOT NULL,
  `precio` float NOT NULL,
  `id_marca` int(11) DEFAULT NULL,
  `descripcion` text NOT NULL,
  PRIMARY KEY (`id_producto`),
  KEY `productoMarca` (`id_marca`),
  CONSTRAINT `productoMarca` FOREIGN KEY (`id_marca`) REFERENCES `marca` (`id_marca`)
) ENGINE=InnoDB AUTO_INCREMENT=15 DEFAULT CHARSET=utf8;

/*Data for the table `producto` */

insert  into `producto`(`id_producto`,`nombre`,`foto`,`precio`,`id_marca`,`descripcion`) values 
(1,'Martillo 1','martillo.jpg',100,4,''),
(2,'Martillo 2','martillo2.jpg',110,4,''),
(3,'Clavones de Fierro','clavos.jpg',100,4,''),
(4,'Destornillador','destornillador.png',75,2,''),
(5,'Escalera','escalera.jpg',800,3,''),
(6,'Perica','perica.png',250,2,''),
(7,'Respirador','respirador.jpg',450,2,''),
(8,'Tijeras para Cesped','tijeras.jpeg',220,5,''),
(9,'Carretilla','carretilla.jpg',650,4,''),
(10,'ChorriManguera','chorrimanguera.jpg',999,4,''),
(11,'Pinzas Chicas','data:image/jpeg;base64,/9j/4AAQSkZJRgABAgAAZABkAAD/7ARlRHVja3kAAQAEAAAAPAACBFAAAAImAEMAYQBtAGUAcgBhADoAIAAgACAARQBPAFMAIABEADIAMAAwADAAQwANAFMAZQByAGkAYQBsACAAIwA6ACAAQwA1ADIAMABDAC0AMAAzADMAOAA5AA0AVwBpAGQAdABoADoAIAAgACAAIAAxADcAMgA4AA0ASABlAGkAZwBoAHQAOgAgACAAIAAxADEANQAyAA0ARABhAHQAZQA6ACAAIAAyADQALwA0AC8AMAAyAA0AVABpAG0AZQA6ACAAIAAgADEAMAA6ADAAMwA6ADAAMQANAEQAQwBTADUAWABYACAASQBtAGEAZwBlAA0ARgBXACAAVgBlAHIAOgAgACAAIAAzAC4AMgAuADMADQBUAEkARgBGACAASQBtAGEAZwBlAA0ATABvAG8AawA6ACAAIAAgAFAAcgBvAGQAdQBjAHQADQBBAG4AdABpAGEAbABpAGEAcwBpAG4AZwAgAEYAaQBsAHQAZQByADoAIAAgAFIAZQBtAG8AdgBlAGQADQBDAG8AdQBuAHQAZQByADoAIAAgACAAIABbADEAOAAzADAANQBdAA0ASQBTAE8AIABTAHAAZQBlAGQAOgAgACAAMgAwADAADQBBAHAAZQByAHQAdQByAGUAOgAgACAAZgAyADIADQBTAGgAdQB0AHQAZQByADoAIAAgADEALwAxADAAMAANAE0AYQB4ACAAQQBwAGUAcgB0AHUAcgBlADoAIAAgAGYANAAuADUADQBNAGkAbgAgAEEAcABlAHIAdAB1AHIAZQA6ACAAIABmADIAOQANAEUAeABwAG8AcwB1AHIAZQAgAE0AbwBkAGUAOgAgACAATQBhAG4AdQBhAGwAIAAoAE0AKQANAEMAbwBtAHAAZQBuAHMAYQB0AGkAbwBuADoAIAAgACsAMAAuADAADQBGAGwAYQBzAGgAIABDAG8AbQBwAGUAbgBzAGEAdABpAG8AbgA6ACAAIAArADAALgAwAA0ATQBlAHQAZQByACAATQBvAGQAZQA6ACAAIABFAHYAYQBsAHUAYQB0AGkAdgBlAA0ARgBsAGEAcwBoACAATQBvAGQAZQA6ACAAIABOAG8AIABmAGwAYQBzAGgADQBEAHIAaQB2AGUAIABNAG8AZABlADoAIAAgAFMAaQBuAGcAbABlAA0ARgBvAGMAdQBzACAATQBvAGQAZQA6ACAAIABPAG4AZQAgAFMAaABvAHQADQBGAG8AYwB1AHMAIABQAG8AaQBuAHQAOgAgACAAQQB1AHQAbwANAEYAbwBjAGEAbAAgAEwAZQBuAGcAdABoACAAKABtAG0AKQA6ACAAIAAxADAANQANAFcAaABpAHQAZQAgAGIAYQBsAGEAbgBjAGUAOgAgAFAAcgBlAHMAZQB0ACAAKABGAGwAYQBzAGgAKQANAFQAaQBtAGUAOgAgADEAMAA6ADAAMwA6ADAAMQAuADAANgAzAA0AAP/uAA5BZG9iZQBkwAAAAAH/2wCEAAYEBAQFBAYFBQYJBgUGCQsIBgYICwwKCgsKCgwQDAwMDAwMEAwODxAPDgwTExQUExMcGxsbHB8fHx8fHx8fHx8BBwcHDQwNGBAQGBoVERUaHx8fHx8fHx8fHx8fHx8fHx8fHx8fHx8fHx8fHx8fHx8fHx8fHx8fHx8fHx8fHx8fH//AABEIAV4BwgMBEQACEQEDEQH/xACtAAEAAgMBAQEAAAAAAAAAAAAAAwUCBAYBBwgBAQACAwEBAAAAAAAAAAAAAAABAwIEBQYHEAACAgECBAIGBwUGBQMFAAAAAQIDBBEFITESBkEHUWFxkSITgaGx0TIjFMFCUtIVcpKisjOD4WKCY0TCcwhTJCU1RREBAAICAQMCBAUCBQMFAQAAAAECEQMEITESQQVRYSITcYGRMgbwQqHR4RQVwVJysfFigpIj/9oADAMBAAIRAxEAPwD9UgAAAAAAAAAAAAAAAAAAAAAAAAAAAAAAAAAAAAAAAAAAAAAAAAAAAAAAAAAAAAAAAAAAAAAAAAAAAAAAAAAAAAAAAAAAAAAAAAAAAAAAAAAAAAAAAAAAAAAAAAAAAAAAAAAAAAAAAAAAAAAAAAAAAAAAAAAAAAAAAAAAAAAAAAAAAAAAAAAAAAAAAAAAAAAAAAAAAAAAAAAAAAAAAAAAAAAAAAAAAAAAAAAAAAAAAAAAAAAAAAAAAAAAAAAAAAAAAAAAAAAAAAAAAAAAAAAAAAAAAAAAAAAAAAAAAAAAAAAAAAAAAAAAAAAAAAAAAAAAAAAAAAAAAAAAAAAAAAAAAAAAAAAAAAAAAAAAAAAAAAAAAAAAAAAAAAAAAAAAAAAAAAAAAAAAAAAAAAAAAAAAAAAAAAAAAAAAAAAAAAAAAAAAAAAAAAAAAAAAAAAAAAAAAAAAAAAAAAAAAAAAAAAAAAAAAAAAAAAAAAAAAAAAAAAAAAAAAAAAAAAAAAAAAAAAAAAAAAAAAAAAAAAAAAAAAAAAAAAAAAAAAAAAAAAAAAAAAAAAAAAAAAAAAAAAAAAAAAAAAAAAAAAAAAAAAAAAAAAAAAAAAAAAAAAAAAAAAAAAAAAAAAAAAAAAAAAAAAAAAAAAAAAAAAAAAAAAAAAAAAAAAAAAAAAAAAAAAAAAAAAAAAAAAAAAAAAAAAAAAAAAAAAAAAAAAAAAAAAAAAAAAAAAAAAAAAAAAAAAAAAAAAAAAAAAAAAAAAAAAAAAAAAAAAAAAAAAAAAAAAAAAAAAAAAAAAAAAAAAAAAAAAAAAAAAAAAAAAAAAAAAAAAAAAAAAAAAAAAAAAAAAABr3ZuJStbb4V/2pxX2sYllFJntEy0ru6O3af8AU3LHTXP8yL+xjC+vD3W7Ut+ktWffPacF8W6UfQ2/sQwtj2zkz/ZZG/MHs5c90q90/wCUM/8AieT/ANki8wezXwW6Vf4vuB/xPJ/7JSR787Rly3Sj6W19qDGfbOTH9lk9HdfbVvCvc8eT9Dsivt0GFduDvr3pb9G9Tn4F6/JyKrf/AG5xl9jDXtqtXvEx+TaDAAAAAAAAAAAAAAAAAAAAAAAAAAAAAAAAAAAAAAAILba6a5W2SUK4JynJ8Eklq2wmtZmcQ+W9w+b+ZHJnTs9UI0weiutXVKXrS5JFOzfWvR6zh/x2s1idszmfSEWxecebHIjXvFMLKJPR3VLplHXx6eTGvfW3Tsy5f8cr451TOfhL6phZmNm41eTj2K2i1KUJx4ppl0vJ3pNJmJjEw2gwAAAAAAhuurpg7LZquCWrlJqKX0sJiJmcQoNy8wu1MDqjPNjbYucKdZv3rh9ZE9O8ujp9p5GztWY/Ho5XcPOjGUunb8CVknwi7Zaav+zHX7TCd1XW1fxq3e9sfgp5+Yfe+41O7GdWJjfE3NKK0jXp8yXxdU2oa/FouAjZMxmI6NuPaOJqnFpm1v8APt8uvoou4d+3+NWJZLebcyvMhKyLh1wilGfRwT5rVego38iaRExPdv8AC4miZtH24rNJx1xPplzlmdlWtudkpa822zUtyry61dNa9oROdr8eJXO+8s/GIErH4EeV09HvRYTi6MwfLnyHjf4mYPl2+keN/ijMPeiz0mUefxTmHsHlQesJSi/U9DKNm2PVjMVnutdv7x7q2qcZY2daoL9ycnOD9sZaotjlbK94zDS3+2cfbHWsfk+pdj+aOJvbjhbmo4u4cFGSeldj9XofqN7Xsi8Zh5D3T2W2j6qfVT/GH0IzcIAAAAAAAAAAAAAAAAAAAAAAAAAAAAAAAAAAAA5DzM3CWJ25Oqt9M8mSg2v4VxY+Mut7Lpi++Jn06vgt3GyRxd37pfRK9kfFFVL+MsneeWPe8trzFtebY1g3y/Lk3wrsfj7H4nY4+3yjE93mPfvbPuR9ykfVHf5vt8JqUdVy9Je8UyAAa+XmYuLW7Mm2FNa5ynJRXvegZ012tOKxMy5PdvNTtfB6o0WTzbY8lUtI6/2pafVqYzaI7y6/H9i5GzvHjHzcluXmh3Tm1OzbcL9HiaqP6lxlJJvgtbJLoiYTt+EOtp9i49Jxst5W+Gf+ndTZWBve6u15W6T3DMSaji4inkpS8FOxdNUPeRbyn1/Rua9+rTjxpFK/G2K/pHeW5j7Bt7WFOnao37TkwTzdyyr+idMtXGcFq4RjKEl4J6k+ETiMdJa9+bs+rOzGys/TWtelvh8ekuWzcbO2Hf7Y0yXzsSxvHslFSXS+MJpS/wCVriaU0tr2Zh2tWynJ0RM9rR1/6rujurbsLKyJ1U2WY2ROGX8mMvlqF8oONtUk1JOpyerS5m396tXNt7bs2ViJmItWJrnvmM/Tb/yc1l7hK+qmqzpUMbrVKitOmNk3Nx9ib4Gpe0TiPg7GvTFJmY72xn8ow1XfUuSKvOq7DB5a8EYTthEzDx5jH3keVWP6yXpI+9KPOrH9XP0j7sn3Kn6uXjIxnZJ9yHn6uS8SfuSfch7+tmlzJjbZH3IY2Z1jjo3qiY22lE7Meja2Pbtw3HMhj4UXK+yXwJcNPXr4aG9x9c92nyuVTXWbXnpD9NbRK1YdNd0uuyuEYzn/ABSS0b4+lm5L5xe0TaZjpGViGIAAAAAAAAAAAAAAAAAAAAAAAAAAAAAAAAAAD595sSbxcWv93SctPcifSXoPYI+uZ/B8Yu6VY9Tjb4jye6r2RtamvZlCKesX1RfFcjPVtmsxLC/Z9J7M82ZYWLDD3SMsiqC6YWp/HFLw4/i0O1TbW8ZeT5/sfnaba+mfR02b5ydvVVf/AG1N19mnJ6QS+nWX2Ezasd5aWr+O77T9UxEOby/M3uzdlkQ2qqNEKK3baq9JWKuPN6z48P8AlRh97P7Yzh06eycfTidszOZxGe2XP41eTveLLdM7Mvy1VfGrKx4NfNSs4VzU5vp6ZT4P0Fdb+cZz0dDZevHv9qla1ma5iZ7dO/b5L6ztinF2rIz8bAi8nEcZY8Me39dfGafxO+K1r6enw6TOaREZx1c2vPtfZFLX+m2c5jwj/wCvq8q7l7cyqczEnl5uPk5NLx45+clbUoy/EvkVOMYe5j7sTExn9WVvb99JreK0tWs58a9J/wD1Pdp4/fGJi7RTtOXiPPjg6149lV9lFFsV+GVtcVFy09ZhG2IjEti/tVr7J21t4efeJiJtH4S5ndO4rMyuVHy66cT50r6sWqPwVymtGo66vT1GvfkxjDqaOHXXPlmZt44mZ9VVdn2WT6pScpfxSbb+s17b5lfE1rGIQTypPmyqbzLGdqKV/rI6sJ2ywd5MVyw85l581mcapRNpeKU34Gf2JR5PdLX4Myjjyjzhkqrn4MzjjSj7kMljZD0+F/WZxxUfehJDb8uf4a5P2JsyjisZ5FYbNXb+8WtKGJdLXlpCT/YZxxVdudrj1j9Vxtvlz3NmTWuJKiGvGy78tL38fqLK8eIaW73nTX+7P4PrHZfZONsdLUfzsu1aXZGmiS/hj6vtL4iIjo8vzuffkW69Kx2h3WPQqoaeIaKUAAAAAAAAAAAAAAAAAAAAAAAAAAAAAAAAAAADgPNSvTDx7f3Upxb8NXoyY7O97Fb65h8VyH8fDicjkT1e8pHRnj1u19KWsvAw065si9sIraJJtNcuZVfXMSmJiYV85dGqXpL9d8VU2jCSmcm+L8CmbWlnSZW+ybhlbXuNOdStXU/irk+E4SWkoP1NF+jyrbyV8vRXdrmk+vqu4b/sOBjZlW27ZOMs+Eq8j9Rb1RUJcdIxiv3fA242UpExEd3Otwt+y1Z2Xj6JzGIc9j7hZhT+Zi3Tos00c65OEtH646Gt93x7S6mzXW8YvETHzalubOTbb1berb4vUqtvmTyrHZrTym+b1KpmZV23IJZAikyqnY81snwSZfTRMsJulqw8m1pRi23ySRsV4qu26sLzbuwu5M6KlThWdD5TmuiPvnoXV40NHb7ppp3tDocLyd3qxReRdTTrzWrnJfRFftLY0xDQ2e/UjtEyu8TyYxUtcjNnJ+KrrSXvbMopENO/v157V/xXGP5R9uw0643WtemaSfuRliGtb3jfPbEfktcfy27arS026MvXNzl9rJy17e475/ulYVdk7JBLp27Hjp/24v7RlVPK2z3tb9W3V21g1rSvGph7K4fsRGVc7Lz3mf1bMdorj+FKPsSX2E5YTMz3TR21fxfaQjDKO3VLi+IS2K6YVr4UgJAAAAAAAAAAAAAAAAAAAAAAAAAAAAAAAAAAAa2TmYmLD5mTdCmCXFzkor69AzpS1pxETM/Jzu4+ZXaGDqnm/qJrh0URc/r4R+sxtaI7y6Wn2Xk7P7cfi+ad9+Yku4K442JU6cOuXV8T+OT5avTka2/lREYh6j2n2b/bz5WnNpcO+tvV8zmzMzL0HRLj5k6NehLj7/oZnr5E6+0K9muLd0eXn22Sc5Pi/QRffa85lXmKRiFXZNtv1iqmbZSY9vS9WTFsT1WUu2XnTfqFt0yy+5CGeU3zf0FczMsJ3IJ5GoikyqnYwUrJvgmX00TKqbrDbe3d33GxRxcay5v+CLa9/I2qcVrbeZTXHWYh2e0eT+7XdMs2yvFj4rXrn7o8PrNmumsORv8AfaR0rmXZ7X5Udv4+jthZlT/7j6Y/3Y6faWYhytvu+63bFXWbf2xt+IksbFqo08YQSfv5k5aF917/ALpmVpDbILjJ6kK8J44lMdOAEiqrXKKAy0S5ID0AAAAAAAAAAAAAAAAAAfEd98u+/wBZl99eer/nTnPSvInXp1Sb5S6C2LwwtWcuZzO2fMbF5158ornKu2c1/glIy8oYTEqa+7u2l9NuZuGO1z6p3L/MT0RiWrLdu6Y/g3vK4emyf3hPVjLfO84/h3vJa9dtn8wOrB9x99x5bxkP0fnWfeMHVHLuvvxLjuuVp/70/D6SMGZYPvTvjn/Vcrl/9af8xOIMsX3l3xpr/U8vR8vzp/eMGZYPvHvXx3HMf+5Z94wdXtHc3e2VaqqszMsnLw+ZP69WBZRh3w63O/dJUQXGTndLgvS9BkxKWqjcW9MnuKSkmo9MJv8AE+KXFjJj5rPG2mqcVN7jk5C101Vz0enP8JGU4b9WBTWk1Ze5eDd1n7JDKVjRlZdK/Ly8iGngr7f5iBY0d0dw0/DDcb2l4Sm5/wCbUjEGW/jd+dy1rR5Ss8fjhF/sQ8YTmWeV5nd2116YOHiZl6aUvmuVUIrnzi22yPGE5dHT5l4bxapXYdsMmUYu2qLjKEZacUp6rVa+Ohj4J8kd3mdXGLcMBvT+K1L7IsnwIl8X3Tcs7Ozr7si2dkp2TfxSctNW9EtTlcjbfymH1DgUp9ms1iIzWGr8WpqZnLe6MoQ1ZNaZYzK2w6ceUGtF1tacfWdXTrrhpbb2iWnkbTfFtxacXy4mnt4Vs5hdXfWY6q+7DnGXTJpP1s1/sWieqfGJaF9ai2tV9AiMSpvTCFyaJmsqpl47W+XvJrrmWHk39p7f3zebFDbsS3I/inFaQXtm/hNinGy1t/L16o+uYh3ey+SufY4z3TLhQucqaF8yX956RX1m3TREONv9+r2pXPzl3uzeWXbeB0uGEr7Fx+ZkP5j/ALvCP1F0REORu9y3bPXEfJ1eNtFdcFXGKrhH8MIpJL6EGjOZnq3a8KmHhqwJ4xilwSA9AAAAAAAAAAAAAAAAAAAAAAAAMJ1Qn+JagRPBofhoEIbNsqnFp8V6HxBhWZfZ2y5KbvwMe3q5uVcNffoicmFLl+VXad6//XKt+mqU4/V1ExaUYU2X5Kdvzb+Rbk4+vh1Rmv8AFEnzk8VLl+R1qTeNufxeCtq0XvjJ/YT5o8VHm+TPdUIflTxchrkozcH/AI4onzhHiqsry070x+H9NlYl41ShZ/lZPlCPGVPl9vb/AIrf6jbcmpR/E5VTS9+mhOYRiVZP5kE+Dg/FPWJKGtd+oyJShH5lsmopR1lJ6dWr0QHv9E3WWtrxLvl6O7r6JafL5deun4dfEZMSghHcMSxOHzKbYRfCPVGS6ufs1Avtv33uvIdccOiGa3pBVNS629PDperIllEurhgeZMKoW39rTkpLXppug5fTBttEZj4p6obd13nF4Zvbu6Y78X8hzjy4vWJPT4o6osfvLZrsiGLGVteTOShGu2qUPjfBJ89Bgy6KPwQcY80ufPj6X9JCcq7Bz7G73fdGyMEp9cFoopc106cAJciUcnGkqL9G9PiT5Pnpw0aIZRLjZZ1UL7asiyML4SfXF8PtOdv1TNuj6F7TzNf+3rFrdYeT3XBiuqVq+s0p1znq6n+6147oX3BhR16W5fYTESqnm62L7o6V+XH6W/uLK2tCm3Nr6Q1Lu48+zgrOhP0cPrJm9p9VFuVaezSszb7HrKbl622Y+Kqdtp9Xtd9y49TMoomNkwsMB25ORXjxrdttsuiuuC1lKT5JIurXqsnfERM27fF9o7S8pNsxqqsjd6/1uc9JPHk/ya36NF+Nr08jarriHluZ7xe8zGv6a/H1l9IxNorpqjXCEa6or4a4JRil6kuBY40zMzme6xrxKYaaIgTJJcloAAAAAAAAAAAAAAAAAAAAAAAAAAAAAAAAAAAB44wfNIDB0VP91AYPDofNAYPb6vBtAw08nYMLJWl1Ndy9FkIz/wAyJyYa2P2vtmLNSxsOilxk5wlXXCDUmtHJaJcWhlGG9Ha4KKT005aL0DI0dx7S2fca3DMxKshSkpy64rWTitE21xfD1jJhyOBtnl/2TfbGOZCi/J/MfXKV1nS21pFQi3GPAynMo6Qs35h9kwg/l5F2Q/RXjX/+qMSPGTMNafmZ23x+Xh58n4fl1wTftlYifEy5Du3dtp362m/H2u3DzqZxf6yc6n1QT4xnGGren7r1MojCJ6tD5r8V9JKFPgT0zMnH116lLVvg+fgtX9gS2MKF1Vdkr3L4uPxyT0015ghz2Uqr8u6zpjJSm9HpwenA5PJvPnOH0j2rj1jj0i0RPT/1Q3bdh2x6bKYyXPTTT7DWtuvHq3p4eme9YQvYtsa4VaextftKvvWhE8LV8GL7f298lNf9RNdtpYf7DX8z+ibfD92TfrkyZ2TB/s9UfF5PacLThU1602I22yTxafCWr/TqPnQj835dbklOUo9XSteL0XF6F9N3pLT2aYjPj+j7x5cdjdt4GLXuW23x3LJsXS9wemkdVxjCH7j9OvxHTpWIjLx3uHL3XtNLR4RHp/Xd9LxcVVR48zJzWwAAAAAAAAAAAAAAAAAAAAAAAAAAAAAAAAAEGRl4lC1yLoVL0zko/boMCrye8u08Xhkbxh1v0O+tv3Jk+MiqyPNfy/o16t4rm14Vwts/yxZPhKPKFXkeeXY9Sar/AFl/ocKdF/jlAeEnkqsj/wCQW1x1/TbNlW6cnOddf2dZPgjyVGR/8gd8lJ/ptjphHw+ZdOb/AMMYonwPJX3+eXfVy/Jw8OhPgvgsm1/emT4QjylV5Hmn5n5GsVuMaYvwqoqj9bi2T4wjMpMfzB7wnWoZmZkTaXGddjjrp46LQnxgzKx27zB3nFl8G4Xrg/gt1sjq+fPqI8TK5r80N9nX0RzaeroUVNwj1ap69XHxfu9RHhCfJr5veHceY/iz5qHX8yMaWoJPp6dE48dPVqPGDKkS0fFEoeL06APDVBDKLfEJG34/cBpWUYyyXdZdBLi+ltR5rxeoMsMrcdrhU1PLp18IuyL+rUM6RmcNHG27V9Oq1XgvDxOfOjMvqOq0UpEfCEk8PjoUW466NrCzCnGtz0+FFV+NMRllG2Jlr6v7jVrOFj2KivDV+kym0QiSRVN5lLRy4Rk9frLKTLW3Vytuz+6s/tzcf1OJY4KX+tQ3+VavRNeHtOlx99e09HJ5vDruri0fn6w/S+3Z1Wbh05VUlKF0FNNNNcVrzRuvCXrNbTE94boYgAAAAAAAAAAAAAAAAAAAAAAAAAAAAGnuUsiG3ZMsZN5MapypSWr61FuKSfrEJfBdw7n847H8eDusH6IRjV/khEuiKqJtb4KDcM3zIyuGZt263r0W23te4yjCJmVPdi90ybc9gvb9M1ZL7UTmEdUDx+5o8tjnH2wn9xGYZQwm+6l//Jcf9uYShlkd1R/8Dp/25fcBDPL7qXPH6fZW0QlDLO7n46Qa9Hw/8AdGDze5nzbX0AzCOWb3G/xWT19K4EozCN5G/t/6s19LB0YPI37X/Unr7QdHn6nfm9PnT9fEGYFl79F/DkWRfhpJgzCavO7n1+DOyF7JyJR5Q2qsvumT1e45Pr0kwibtmGR3Kv8Azsh+2bJ6MJmUjh3FdxllXvXg/jl+wdDqQ7d33I4KN9mvL8ciMwnEraflP3dGKnZg2S1Skkl1Pjx8PEjzhP25VmZ2Lv8AjOLnt9tcYTjKc5rp6Yppt8iLX6S2OJqmdtf/AChu122wk9JNHCtS0PqVLtiGVJPXqevpKPK8Tld5Q3f6jbPHlTN66+PsLrcq1qTWURqjOYa6NOvdZDLwIiMsnukdG34GxSkIyr758TGIhrbJ6o649TaJljWMr3t/ubuHYLOvasydNeusseXx1S9sHw+ngW6uVavTLX5Pt2nfH1x1+L6bsPnhh2KNO+4csafJ5OPrZX7XD8UfrN2nLrPfo85yv43sr11z5R8J7voe177s+7Uq7bcyrKg1q/lyTa9sfxL6TZiYnrDgbuPs1Ti8TErIyUAAAAAAAAAAAAAAAAAAAAAAAAAAAANe3DrseuoEf9Or9IHj26PpYD+mx9IQ8e3L+IJwxe1xfj7yUMXs9T5xi/al+1DJhHLYsaXOut+2MfuGTCOXbmBJfFi0y9tcP2oZMIJ9pbRLjLBxn7aofcPIwhl2TsUvxbbiv/ah9wzJhDPy/wC3J89qxvogl9hPlKMNefln2tN8dqp19Skv2jykwgl5V9pS57XWuPhKa/8AUPKTxYw8rO04PVbbF+2c3+0ecni26fLntmr8O10/SnL7Wx5SeMN2rszZa38G3Y0f9qP7UR5Jw3K+38StfBRVH+zCK/YMmGzDa4pcHp6l/wAAYSx26pL1kJQZuzY2ViXY1jarug659L0ekk09NRllS01mJjvD5nvPkxTrJ7fl6Pmo3R4f3o/cRNIl3dPvto/dH6OQ3Dyw7oxG+nH+fBa/HVJS/wAPP6im3GiXW0e+abd5x+KjyNtycSLhfCVdkeEoyTTXt1NbZxsR1d3RyK3jMTlHWtdDm4y2oTOOhd4sco8mXy6tC20TWEZ9VTZPjxZVENS0tjElBSWvEyraInqt0zCwca5rVcDO9YlfGVngduWX0fqb59GOoqyTjw0g5dPVKcvhST8FrIs1cOZ6zPRpbudFbeNYzbt+eP6+TV3DAydpzoWY87KJP4q7YuVc048JLVdL4P6mmY76zqt07M9Oym+k+URPx/r+vV0ex+a3eOBOFV1i3Srkq74/mv2Th8XvTLNXLn16ubyv4/x7xmv0T8u39fo+gbH5xdr5yjXnOe23vhpcuqvX1WR4e/Q26b6W9cPPcr+P8jX1rHnHy/ydriZmLl1K7FuhfU+VlclOL+lMtcW9LVnFomJbJLAAAAAAAAAAAAAAAAAAAAAAAAAAAAAAAAAAAAAAAAAAAAAAAAAB44xlzWoEU8Wmfhp7APnfm9teHDZoZnSv1HX8nq4auMk3z9Whhs/ZL0H8evb73jH7e75DiUu22Na/EzjcfX52w9ze3jGU10FXY4v902b0iLYYUnMZVWdcpS4PVFN7ZljstiMK2TbloK1zLSzmWxjz0ZVaFuu2G9XP1leZht1uucDuDJx6YUTSnRBOKim4vRvq0enwy4vX4os3tPNxGLdmtu4VbzNo6Wn+v6wl3fc47ko9EFH4nbbKWkpzsktHJ6aJcElwRdtvG2OiOLx/s95+X4Qu+1dtqrxa5uqc8nInKUcjEkpWVRrTko3a69MZNclpr4vTgW8fVFY+bm+5b5m0xmPGI7W7Tn4fh/7OPy1TPJunQmqZ2TlVGWiahKTaT09COZsz5Tjs72uJisRbvERlZYFPcG1rCytrypVXZ7n+nrxZtyfRp1dceS5+JtU+5WIx/d6NLd9jb5V2R0pjOY+LrMDzd7r2u79NvWJDLcUnLVfKt6WuD1jrB6+wvjkTE4tDkbf49o2x5arY/wAYdltHm72ln9MMiyzb7nzjkR+HX+3HVF9dtZ7S4vI9g5GvtHnHydfh7jgZ1XzMTIryINa9Vc1JafQ2WQ5GzVak4tEx+LbCsAAAAAAAAAAAAAAAAAAAAAAAAAAAAAAAAAAAAAAAAAAAAAAAD5x5zT02nCqX71s5af2UvvMNn7Zek/jcf/1tPyfHqMqdEpdGmr8fHh6Dk03TrmcPa31xaOrXycmT6pSl8UuZTOy1p6sbTFYxCumnZrobOrVmGrst8XscNqL5t+s3KaYiGlOxjGmxPkVW0ZW02wmg5x4afQal9Ew3KzEpo2lE1mFkSkjZppoyImY7M4u2Kc22qXVGTUlyaej96L6cm0E0rbuz+dRZ+JdLLfOlk+MwucLdMaVkKsiTx6IYM8Gq2pfMcHPVys6dVr1NvXR+JtVvWZx8sOdt41oiZr9UzeLTE9M/JcY+dgSoxrMa6unBw5KrNjc4q63GorSqh0PVyVsnLhHk2XRaJxjt6tC+m/lMWiZvbrXGfGLWnrOfl0auV29t0JSxrcV0VV5GJRVlpyU75X6Su011i4xi9Y9K4GE6a9sesLtfN2THlFszNbzNen0+Pb/VR5e2Zmzx+esieLdO6yGNVByjZKuuTj819LWkdVovSal/LVGc46t/XupvnGPKIiJn4Zn+1abV3533j6rGzb8uFa6pQnD5yjH0t6NpGevl3n0y1eR7RxLd6xXPzw6Db/PDdq9FnYFWRFfinVJwb+h6ourzKz3hztv8YpP7LTH4uiwfOztu1JZWNkYr9KSsXvTRZXkUn1c7b/G98ftmtl7ieZXZWSl0bnXW3+7apQf1oti8T2mGhs9n5VO9J/JcY+/bLkpOjPx7NeXTbBv3amWGnfjbK962j8pbtdlclrGSkvU9QpmMJAgAAAAAAAAAAAAAAAAAAAAAAAAAAAAAAAAAAAAAAAAD5x5wQlPEwtF8Kdmr9fwkWj6Zek/jtsXt+T4vkaxlL1M5O3V1e18ujRtlJkU1NfZLawsbWEm1yOjqpiHP3bH0Psry5rzqYbhuqk6LPix8Rarrj/FN89PQkXRDzfO9ymszWneO8votPZGxfI+UttxlXppp8uLfH1tamTkf7nbnPlP6qDefKDY8lOeJ14djXBR+OHufFe8xmsS6PH963a+/1Q4TefKvuDC1lRBZdS5OrjLT1xfH3FF+NEu9xvf9V+lvplyOTgZmLNwurlXOL4xkmn9ZqbOJMO1TfW8ZicolZJGtbTMLoZq0qmswnymGcbUMyy82cbpJ8JExttCcw2f6nmN0dds7FjNPHjKTaho9fhT1S4l8cqemfRh9mnXERHl3Z7humTuWZZmZtjtyLX1Sm/sS5JL0C++LzmUaNFdVIpSMVh1vY297Htu25Xzsv9PmyuU+iSl+bBVuNcdVw0U59Uk/A3+LekVxE9XE934u7bsrivlTx/Tr1/w7Ie9cTHxdo2rFax550ZWOzJx1WuuqOkYNdC/DP8XxavUw5lI8Yj1Z+1bLX27LfV4dMROe/r39Y7dHHuqRzvt2js7+WLqfitWPqMvFW09UtH6v+BlF7QS2Kc3Po/0sm2v+zOS+wsjlXj4qraKW71ifyWFPd/dVCSr3XKilyTscl9ZlHMu1re2ce3elf0WFHmV3tVp/+SlZp/HGEv2Gcc63wUX9j4s/2Y/OVjj+cPd1bXzJU3RXPqrSb+mOhZHOj1hq3/jfHnt5R+bo9m87cS2yNW8Yjx1J6fqKW5RXti+P1l9OVrtOHK5X8avWM67eXyl9KxMzGzMaGTi2RuotSlXZF6xafoNh5q9JrM1tGJhshgAAAAAAAAAAAAAAAAAAAAAAAAAAAAAAAAAAA5fv/Z57jsU/lQ6rsd/MjHxa00kl9pMOn7Vyftboz2l8D3HDnXOT0b0ZRbW9197or6sWUrOKMaa2vt2uz7S7Vt3PIhGSccSDUsiz1fwr1s2YjEOHz+bGuP8A5T2fbttxIV1xaioxikoRXJJcEkRl5buswAEc6K5rjFe0Cr3Lt3bNwrccrHrvTX78VqvY+ZOVmrdfXOazMfg4fe/J/a7+qzCnLFm+UJfHD+ZfWYzWJdjj+/badLx5Q4LePLXuHb5OSpd9K5Tq+JfT6Ci3Giezvcb3vTs6ZxPzczfg5VD0trlFrnqtDVvxZdWu6tu0oOqaZrTomFkSy+bIrnXKcvVcjGap85ZfNRGE+bKNyXJ6E+Vo9U+bP9Q14mUbLJ84ZLJengZRtlOYe/qfUZfeT0e/qI+KJ+7A9WRXpyJ+7CMHz6vQR92p+b1ZFGnFGUbKH5ob76ZLhHRmNrVnseWPV3HlZ33ZtWXDac2TlgZU+mqT4/KslwT/ALMvE6PG2eVcS83737dG2s7afvrH6w+7xkmtUbLxT0AAAAAAAAAAAAAAAAAAAAAAAAAAAAAAAAAAHjWq0YHFdxeXm17hZO6nXHsm9ZKK1g/+nw+gnLqcf3bbrjE/VCjwvK/CquUr7p2/8kYqPvb1JZ7feLWj6Yw7ba9moxao1U1KqmHKC+1+kiZcq97XnNpzK6hCMY9MeRDFkAAAADSfNagQ2YtU/DT2AVG5drbXmprIxq7dfFx0lx9a4k5XauRs1/ttMOS3Tyj2S/V0dePJ/wALUo+56P6zGaxPeHT0++bq98WcnuPk9ulTk8S+u5eEZawf18PrK50Vl09P8hpP7omHN53YPc2Gm54Vjiv3oLrXvWpVbiw6Wr3fTftaPzUl235tMnG2qUGvCSaKLcSW7XkVntKGULY80V24zPzrLHqmvArnRKfKHnzHoY/Zky9+ayPtSnJ81j7MkWPnSJ+zJkdsh9mTyefMm/AyjRKPP5pacbJyLIwrhKUpPRJLV6l2vi9VV91YjMy+m9l+WVtdtG4btrGVbVlOGvxNp6pz9HsOhTVFXmvcPe8xNNfr0z/k+yYUZqr4zN5psAAAAAAAAAAAAAAAAAAAAAAAAAAAAAAAAAAAAAMfl1666LUDJLQAAAAAAAAAANJ8wMJVVy/FFARTwaXxXBgw08jZMW9NW1xtT5qcVL7Scpraa9pmFTldh9v3/wCpt9LfpUen/K0GzXm769rSrb/K3tizng9HrhOa/ayOi6vuvIj+7/CGjZ5P9tSeqrvj6lZ98WR4wtj3rkfGP0Qy8m+3Xy/Ur/rj/KR4Qyj3zf8AL9P9WD8me33ylk/3ofyjwhP/ADm/4R/X5i8me39fxZL1/wCaH8pPhU/5zf8ACP6/NnHyd7dT/wDIfqc4/wAo8YYz73vn/t/T/VvY3lX2zVzw5Wv/ALk5P6l0k4hVf3XkT64/CF7t3am24On6TDqoa/ejH4v7z4k5ae3kbL/utMrvHwq61q+LIVNoAAAAAAAAAAAAAAAAAAAAAAAAAAAAAAAAAAAAAAAAAAAAAAAAAAAAAAAAAA0QDRANEA0QAAAAAAAAAAAAAAAAAAAAAAAAAAAAAAAAAAAAAAAAAAAAAAAAAAAAAAAAAAAAAAAAAAAAAAAAAAAAAAAAAAAAAAAAAAAAAAAAAAAAAAAAAAAAAAAAAAAAAAAAAAAAAAAAAAAAAAAAAAAAAAAAAAAAAAAAAAAAAAAAAAAAAAAAAAAAAAAAAAAAAAAAAAAAAAAAAAAAAAAAAAAAAAAAAAAAAAAAAAAAAAAAAAAAAAAAAAAAAAAAAAAAAAAAAAAAAAAAAAAAAAAAAAAAAAAAAAAAAAAAAAAAAAAAAAAAAAAAAAAAAAAAAAAAAAAAAAAAAAAAAAAAAAAAAAAAAAAAAAAAAAAAAAAAAAAAAAAAAAAAAAAAAAAAAAAAAAAAAAAAAAAAAAAAAAAAAAAAAAAAAAAAAAAAAAAAAAAAAAAAAAAAAAAAAAAAAAAAAAAAAAAAAAAAAAAAAAAAAAAAAAAAAAAAAAAAAAAAAAAAAAAAAAAAAAAAAAAAAAAAAAAAAAAAAAAAAAAAAAAAAAAAAAAAAAAAAAAAAAAAAAAAAAAAAAAAAAAAAAAAAAAAAAAAAAAAAAAAAAAAAAAAAAAAAAAAAAAAAAAAAAAAAAAAAAAAAAAAAAAAAAAAAAAAAAAAAAAAAAAAAAAAAAAAAAAAAAAAAAAAAAAAAAAAAAAAAAAAAAAAAAAAAAAAAAAAAAAAAAAAAAAAAAAAAAAAAAAAAAAAAAAAAAAAAAAAAAAAAAAAAAAAAAAAAAAAAAAAAAAAAAAAAAAAAAAAAAAAAAAAAAAAAAAAAAAAAAAAAAAAAAAAAAAAAAAAAAAAAAAAAAAAAAAAAAAAAAAAAAAAAAAAAAAAAAAAAAAAAAAAAAAAAAAAAAAAAAP/2Q==',200,2,'loremashbdjkasbdkjasnjkdbsadjksabdsanjkbdsabjk sadbhkdnsajk dsahdksahjdsa bchjvaihdsvhjca sKASDB loremashbdjkasbdkjasnjkdbsadjksabdsanjkbdsabjk sadbhkdnsajk dsahdksahjdsa bchjvaihdsvhjca sKASDBloremashbdjkasbdkjasnjkdbsadjksabdsanjkbdsabjk sadbhkdnsajk dsahdksahjdsa bchjvaihdsvhjca sKASDBloremashbdjkasbdkjasnjkdbsadjksabdsanjkbdsabjk sadbhkdnsajk dsahdksahjdsa bchjvaihdsvhjca sKASDBloremashbdjkasbdkjasnjkdbsadjksabdsanjkbdsabjk sadbhkdnsajk dsahdksahjdsa bchjvaihdsvhjca sKASDBloremashbdjkasbdkjasnjkdbsadjksabdsanjkbdsabjk sadbhkdnsajk dsahdksahjdsa bchjvaihdsvhjca sKASDBloremashbdjkasbdkjasnjkdbsadjksabdsanjkbdsabjk sadbhkdnsajk dsahdksahjdsa bchjvaihdsvhjca sKASDBloremashbdjkasbdkjasnjkdbsadjksabdsanjkbdsabjk sadbhkdnsajk dsahdksahjdsa bchjvaihdsvhjca sKASDBloremashbdjkasbdkjasnjkdbsadjksabdsanjkbdsabjk sadbhkdnsajk dsahdksahjdsa bchjvaihdsvhjca sKASDB'),
(12,'pinzas grandes','data:image/jpeg;base64,/9j/4AAQSkZJRgABAgAAZABkAAD/7ARlRHVja3kAAQAEAAAAPAACBFAAAAImAEMAYQBtAGUAcgBhADoAIAAgACAARQBPAFMAIABEADIAMAAwADAAQwANAFMAZQByAGkAYQBsACAAIwA6ACAAQwA1ADIAMABDAC0AMAAzADMAOAA5AA0AVwBpAGQAdABoADoAIAAgACAAIAAxADcAMgA4AA0ASABlAGkAZwBoAHQAOgAgACAAIAAxADEANQAyAA0ARABhAHQAZQA6ACAAIAAyADQALwA0AC8AMAAyAA0AVABpAG0AZQA6ACAAIAAgADEAMAA6ADAAMwA6ADAAMQANAEQAQwBTADUAWABYACAASQBtAGEAZwBlAA0ARgBXACAAVgBlAHIAOgAgACAAIAAzAC4AMgAuADMADQBUAEkARgBGACAASQBtAGEAZwBlAA0ATABvAG8AawA6ACAAIAAgAFAAcgBvAGQAdQBjAHQADQBBAG4AdABpAGEAbABpAGEAcwBpAG4AZwAgAEYAaQBsAHQAZQByADoAIAAgAFIAZQBtAG8AdgBlAGQADQBDAG8AdQBuAHQAZQByADoAIAAgACAAIABbADEAOAAzADAANQBdAA0ASQBTAE8AIABTAHAAZQBlAGQAOgAgACAAMgAwADAADQBBAHAAZQByAHQAdQByAGUAOgAgACAAZgAyADIADQBTAGgAdQB0AHQAZQByADoAIAAgADEALwAxADAAMAANAE0AYQB4ACAAQQBwAGUAcgB0AHUAcgBlADoAIAAgAGYANAAuADUADQBNAGkAbgAgAEEAcABlAHIAdAB1AHIAZQA6ACAAIABmADIAOQANAEUAeABwAG8AcwB1AHIAZQAgAE0AbwBkAGUAOgAgACAATQBhAG4AdQBhAGwAIAAoAE0AKQANAEMAbwBtAHAAZQBuAHMAYQB0AGkAbwBuADoAIAAgACsAMAAuADAADQBGAGwAYQBzAGgAIABDAG8AbQBwAGUAbgBzAGEAdABpAG8AbgA6ACAAIAArADAALgAwAA0ATQBlAHQAZQByACAATQBvAGQAZQA6ACAAIABFAHYAYQBsAHUAYQB0AGkAdgBlAA0ARgBsAGEAcwBoACAATQBvAGQAZQA6ACAAIABOAG8AIABmAGwAYQBzAGgADQBEAHIAaQB2AGUAIABNAG8AZABlADoAIAAgAFMAaQBuAGcAbABlAA0ARgBvAGMAdQBzACAATQBvAGQAZQA6ACAAIABPAG4AZQAgAFMAaABvAHQADQBGAG8AYwB1AHMAIABQAG8AaQBuAHQAOgAgACAAQQB1AHQAbwANAEYAbwBjAGEAbAAgAEwAZQBuAGcAdABoACAAKABtAG0AKQA6ACAAIAAxADAANQANAFcAaABpAHQAZQAgAGIAYQBsAGEAbgBjAGUAOgAgAFAAcgBlAHMAZQB0ACAAKABGAGwAYQBzAGgAKQANAFQAaQBtAGUAOgAgADEAMAA6ADAAMwA6ADAAMQAuADAANgAzAA0AAP/uAA5BZG9iZQBkwAAAAAH/2wCEAAYEBAQFBAYFBQYJBgUGCQsIBgYICwwKCgsKCgwQDAwMDAwMEAwODxAPDgwTExQUExMcGxsbHB8fHx8fHx8fHx8BBwcHDQwNGBAQGBoVERUaHx8fHx8fHx8fHx8fHx8fHx8fHx8fHx8fHx8fHx8fHx8fHx8fHx8fHx8fHx8fHx8fH//AABEIAV4BwgMBEQACEQEDEQH/xACtAAEAAgMBAQEAAAAAAAAAAAAAAwUCBAYBBwgBAQACAwEBAAAAAAAAAAAAAAABAwIEBQYHEAACAgECBAIGBwUGBQMFAAAAAQIDBBEFITESBkEHUWFxkSITgaGx0TIjFMFCUtIVcpKisjOD4WKCY0TCcwhTJCU1RREBAAICAQMCBAUCBQMFAQAAAAECEQMEITESQQVRYSITcYGRMgbwQqHR4RQVwVJysfFigpIj/9oADAMBAAIRAxEAPwD9UgAAAAAAAAAAAAAAAAAAAAAAAAAAAAAAAAAAAAAAAAAAAAAAAAAAAAAAAAAAAAAAAAAAAAAAAAAAAAAAAAAAAAAAAAAAAAAAAAAAAAAAAAAAAAAAAAAAAAAAAAAAAAAAAAAAAAAAAAAAAAAAAAAAAAAAAAAAAAAAAAAAAAAAAAAAAAAAAAAAAAAAAAAAAAAAAAAAAAAAAAAAAAAAAAAAAAAAAAAAAAAAAAAAAAAAAAAAAAAAAAAAAAAAAAAAAAAAAAAAAAAAAAAAAAAAAAAAAAAAAAAAAAAAAAAAAAAAAAAAAAAAAAAAAAAAAAAAAAAAAAAAAAAAAAAAAAAAAAAAAAAAAAAAAAAAAAAAAAAAAAAAAAAAAAAAAAAAAAAAAAAAAAAAAAAAAAAAAAAAAAAAAAAAAAAAAAAAAAAAAAAAAAAAAAAAAAAAAAAAAAAAAAAAAAAAAAAAAAAAAAAAAAAAAAAAAAAAAAAAAAAAAAAAAAAAAAAAAAAAAAAAAAAAAAAAAAAAAAAAAAAAAAAAAAAAAAAAAAAAAAAAAAAAAAAAAAAAAAAAAAAAAAAAAAAAAAAAAAAAAAAAAAAAAAAAAAAAAAAAAAAAAAAAAAAAAAAAAAAAAAAAAAAAAAAAAAAAAAAAAAAAAAAAAAAAAAAAAAAAAAAAAAAAAAAAAAAAAAAAAAAAAAAAAAAAAAAAAAAAAAAAAAAAAAAAAAAAAAAAAAAAAAAAAAAAAAAAAAAAAAAAAAAAAAAAAAAAAAAAAAAAAAAAAAAAAAAAAAAAAAAAAAAAAAAAAAAAAAAAAAAAAAAAAAAAAAAAAAAAAAAAAAAAAAAAAAAAAAAAAAAAAABr3ZuJStbb4V/2pxX2sYllFJntEy0ru6O3af8AU3LHTXP8yL+xjC+vD3W7Ut+ktWffPacF8W6UfQ2/sQwtj2zkz/ZZG/MHs5c90q90/wCUM/8AieT/ANki8wezXwW6Vf4vuB/xPJ/7JSR787Rly3Sj6W19qDGfbOTH9lk9HdfbVvCvc8eT9Dsivt0GFduDvr3pb9G9Tn4F6/JyKrf/AG5xl9jDXtqtXvEx+TaDAAAAAAAAAAAAAAAAAAAAAAAAAAAAAAAAAAAAAAAILba6a5W2SUK4JynJ8Eklq2wmtZmcQ+W9w+b+ZHJnTs9UI0weiutXVKXrS5JFOzfWvR6zh/x2s1idszmfSEWxecebHIjXvFMLKJPR3VLplHXx6eTGvfW3Tsy5f8cr451TOfhL6phZmNm41eTj2K2i1KUJx4ppl0vJ3pNJmJjEw2gwAAAAAAhuurpg7LZquCWrlJqKX0sJiJmcQoNy8wu1MDqjPNjbYucKdZv3rh9ZE9O8ujp9p5GztWY/Ho5XcPOjGUunb8CVknwi7Zaav+zHX7TCd1XW1fxq3e9sfgp5+Yfe+41O7GdWJjfE3NKK0jXp8yXxdU2oa/FouAjZMxmI6NuPaOJqnFpm1v8APt8uvoou4d+3+NWJZLebcyvMhKyLh1wilGfRwT5rVego38iaRExPdv8AC4miZtH24rNJx1xPplzlmdlWtudkpa822zUtyry61dNa9oROdr8eJXO+8s/GIErH4EeV09HvRYTi6MwfLnyHjf4mYPl2+keN/ijMPeiz0mUefxTmHsHlQesJSi/U9DKNm2PVjMVnutdv7x7q2qcZY2daoL9ycnOD9sZaotjlbK94zDS3+2cfbHWsfk+pdj+aOJvbjhbmo4u4cFGSeldj9XofqN7Xsi8Zh5D3T2W2j6qfVT/GH0IzcIAAAAAAAAAAAAAAAAAAAAAAAAAAAAAAAAAAAA5DzM3CWJ25Oqt9M8mSg2v4VxY+Mut7Lpi++Jn06vgt3GyRxd37pfRK9kfFFVL+MsneeWPe8trzFtebY1g3y/Lk3wrsfj7H4nY4+3yjE93mPfvbPuR9ykfVHf5vt8JqUdVy9Je8UyAAa+XmYuLW7Mm2FNa5ynJRXvegZ012tOKxMy5PdvNTtfB6o0WTzbY8lUtI6/2pafVqYzaI7y6/H9i5GzvHjHzcluXmh3Tm1OzbcL9HiaqP6lxlJJvgtbJLoiYTt+EOtp9i49Jxst5W+Gf+ndTZWBve6u15W6T3DMSaji4inkpS8FOxdNUPeRbyn1/Rua9+rTjxpFK/G2K/pHeW5j7Bt7WFOnao37TkwTzdyyr+idMtXGcFq4RjKEl4J6k+ETiMdJa9+bs+rOzGys/TWtelvh8ekuWzcbO2Hf7Y0yXzsSxvHslFSXS+MJpS/wCVriaU0tr2Zh2tWynJ0RM9rR1/6rujurbsLKyJ1U2WY2ROGX8mMvlqF8oONtUk1JOpyerS5m396tXNt7bs2ViJmItWJrnvmM/Tb/yc1l7hK+qmqzpUMbrVKitOmNk3Nx9ib4Gpe0TiPg7GvTFJmY72xn8ow1XfUuSKvOq7DB5a8EYTthEzDx5jH3keVWP6yXpI+9KPOrH9XP0j7sn3Kn6uXjIxnZJ9yHn6uS8SfuSfch7+tmlzJjbZH3IY2Z1jjo3qiY22lE7Meja2Pbtw3HMhj4UXK+yXwJcNPXr4aG9x9c92nyuVTXWbXnpD9NbRK1YdNd0uuyuEYzn/ABSS0b4+lm5L5xe0TaZjpGViGIAAAAAAAAAAAAAAAAAAAAAAAAAAAAAAAAAAD595sSbxcWv93SctPcifSXoPYI+uZ/B8Yu6VY9Tjb4jye6r2RtamvZlCKesX1RfFcjPVtmsxLC/Z9J7M82ZYWLDD3SMsiqC6YWp/HFLw4/i0O1TbW8ZeT5/sfnaba+mfR02b5ydvVVf/AG1N19mnJ6QS+nWX2Ezasd5aWr+O77T9UxEOby/M3uzdlkQ2qqNEKK3baq9JWKuPN6z48P8AlRh97P7Yzh06eycfTidszOZxGe2XP41eTveLLdM7Mvy1VfGrKx4NfNSs4VzU5vp6ZT4P0Fdb+cZz0dDZevHv9qla1ma5iZ7dO/b5L6ztinF2rIz8bAi8nEcZY8Me39dfGafxO+K1r6enw6TOaREZx1c2vPtfZFLX+m2c5jwj/wCvq8q7l7cyqczEnl5uPk5NLx45+clbUoy/EvkVOMYe5j7sTExn9WVvb99JreK0tWs58a9J/wD1Pdp4/fGJi7RTtOXiPPjg6149lV9lFFsV+GVtcVFy09ZhG2IjEti/tVr7J21t4efeJiJtH4S5ndO4rMyuVHy66cT50r6sWqPwVymtGo66vT1GvfkxjDqaOHXXPlmZt44mZ9VVdn2WT6pScpfxSbb+s17b5lfE1rGIQTypPmyqbzLGdqKV/rI6sJ2ywd5MVyw85l581mcapRNpeKU34Gf2JR5PdLX4Myjjyjzhkqrn4MzjjSj7kMljZD0+F/WZxxUfehJDb8uf4a5P2JsyjisZ5FYbNXb+8WtKGJdLXlpCT/YZxxVdudrj1j9Vxtvlz3NmTWuJKiGvGy78tL38fqLK8eIaW73nTX+7P4PrHZfZONsdLUfzsu1aXZGmiS/hj6vtL4iIjo8vzuffkW69Kx2h3WPQqoaeIaKUAAAAAAAAAAAAAAAAAAAAAAAAAAAAAAAAAAADgPNSvTDx7f3Upxb8NXoyY7O97Fb65h8VyH8fDicjkT1e8pHRnj1u19KWsvAw065si9sIraJJtNcuZVfXMSmJiYV85dGqXpL9d8VU2jCSmcm+L8CmbWlnSZW+ybhlbXuNOdStXU/irk+E4SWkoP1NF+jyrbyV8vRXdrmk+vqu4b/sOBjZlW27ZOMs+Eq8j9Rb1RUJcdIxiv3fA242UpExEd3Otwt+y1Z2Xj6JzGIc9j7hZhT+Zi3Tos00c65OEtH646Gt93x7S6mzXW8YvETHzalubOTbb1berb4vUqtvmTyrHZrTym+b1KpmZV23IJZAikyqnY81snwSZfTRMsJulqw8m1pRi23ySRsV4qu26sLzbuwu5M6KlThWdD5TmuiPvnoXV40NHb7ppp3tDocLyd3qxReRdTTrzWrnJfRFftLY0xDQ2e/UjtEyu8TyYxUtcjNnJ+KrrSXvbMopENO/v157V/xXGP5R9uw0643WtemaSfuRliGtb3jfPbEfktcfy27arS026MvXNzl9rJy17e475/ulYVdk7JBLp27Hjp/24v7RlVPK2z3tb9W3V21g1rSvGph7K4fsRGVc7Lz3mf1bMdorj+FKPsSX2E5YTMz3TR21fxfaQjDKO3VLi+IS2K6YVr4UgJAAAAAAAAAAAAAAAAAAAAAAAAAAAAAAAAAAAa2TmYmLD5mTdCmCXFzkor69AzpS1pxETM/Jzu4+ZXaGDqnm/qJrh0URc/r4R+sxtaI7y6Wn2Xk7P7cfi+ad9+Yku4K442JU6cOuXV8T+OT5avTka2/lREYh6j2n2b/bz5WnNpcO+tvV8zmzMzL0HRLj5k6NehLj7/oZnr5E6+0K9muLd0eXn22Sc5Pi/QRffa85lXmKRiFXZNtv1iqmbZSY9vS9WTFsT1WUu2XnTfqFt0yy+5CGeU3zf0FczMsJ3IJ5GoikyqnYwUrJvgmX00TKqbrDbe3d33GxRxcay5v+CLa9/I2qcVrbeZTXHWYh2e0eT+7XdMs2yvFj4rXrn7o8PrNmumsORv8AfaR0rmXZ7X5Udv4+jthZlT/7j6Y/3Y6faWYhytvu+63bFXWbf2xt+IksbFqo08YQSfv5k5aF917/ALpmVpDbILjJ6kK8J44lMdOAEiqrXKKAy0S5ID0AAAAAAAAAAAAAAAAAAfEd98u+/wBZl99eer/nTnPSvInXp1Sb5S6C2LwwtWcuZzO2fMbF5158ornKu2c1/glIy8oYTEqa+7u2l9NuZuGO1z6p3L/MT0RiWrLdu6Y/g3vK4emyf3hPVjLfO84/h3vJa9dtn8wOrB9x99x5bxkP0fnWfeMHVHLuvvxLjuuVp/70/D6SMGZYPvTvjn/Vcrl/9af8xOIMsX3l3xpr/U8vR8vzp/eMGZYPvHvXx3HMf+5Z94wdXtHc3e2VaqqszMsnLw+ZP69WBZRh3w63O/dJUQXGTndLgvS9BkxKWqjcW9MnuKSkmo9MJv8AE+KXFjJj5rPG2mqcVN7jk5C101Vz0enP8JGU4b9WBTWk1Ze5eDd1n7JDKVjRlZdK/Ly8iGngr7f5iBY0d0dw0/DDcb2l4Sm5/wCbUjEGW/jd+dy1rR5Ss8fjhF/sQ8YTmWeV5nd2116YOHiZl6aUvmuVUIrnzi22yPGE5dHT5l4bxapXYdsMmUYu2qLjKEZacUp6rVa+Ohj4J8kd3mdXGLcMBvT+K1L7IsnwIl8X3Tcs7Ozr7si2dkp2TfxSctNW9EtTlcjbfymH1DgUp9ms1iIzWGr8WpqZnLe6MoQ1ZNaZYzK2w6ceUGtF1tacfWdXTrrhpbb2iWnkbTfFtxacXy4mnt4Vs5hdXfWY6q+7DnGXTJpP1s1/sWieqfGJaF9ai2tV9AiMSpvTCFyaJmsqpl47W+XvJrrmWHk39p7f3zebFDbsS3I/inFaQXtm/hNinGy1t/L16o+uYh3ey+SufY4z3TLhQucqaF8yX956RX1m3TREONv9+r2pXPzl3uzeWXbeB0uGEr7Fx+ZkP5j/ALvCP1F0REORu9y3bPXEfJ1eNtFdcFXGKrhH8MIpJL6EGjOZnq3a8KmHhqwJ4xilwSA9AAAAAAAAAAAAAAAAAAAAAAAAMJ1Qn+JagRPBofhoEIbNsqnFp8V6HxBhWZfZ2y5KbvwMe3q5uVcNffoicmFLl+VXad6//XKt+mqU4/V1ExaUYU2X5Kdvzb+Rbk4+vh1Rmv8AFEnzk8VLl+R1qTeNufxeCtq0XvjJ/YT5o8VHm+TPdUIflTxchrkozcH/AI4onzhHiqsry070x+H9NlYl41ShZ/lZPlCPGVPl9vb/AIrf6jbcmpR/E5VTS9+mhOYRiVZP5kE+Dg/FPWJKGtd+oyJShH5lsmopR1lJ6dWr0QHv9E3WWtrxLvl6O7r6JafL5deun4dfEZMSghHcMSxOHzKbYRfCPVGS6ufs1Avtv33uvIdccOiGa3pBVNS629PDperIllEurhgeZMKoW39rTkpLXppug5fTBttEZj4p6obd13nF4Zvbu6Y78X8hzjy4vWJPT4o6osfvLZrsiGLGVteTOShGu2qUPjfBJ89Bgy6KPwQcY80ufPj6X9JCcq7Bz7G73fdGyMEp9cFoopc106cAJciUcnGkqL9G9PiT5Pnpw0aIZRLjZZ1UL7asiyML4SfXF8PtOdv1TNuj6F7TzNf+3rFrdYeT3XBiuqVq+s0p1znq6n+6147oX3BhR16W5fYTESqnm62L7o6V+XH6W/uLK2tCm3Nr6Q1Lu48+zgrOhP0cPrJm9p9VFuVaezSszb7HrKbl622Y+Kqdtp9Xtd9y49TMoomNkwsMB25ORXjxrdttsuiuuC1lKT5JIurXqsnfERM27fF9o7S8pNsxqqsjd6/1uc9JPHk/ya36NF+Nr08jarriHluZ7xe8zGv6a/H1l9IxNorpqjXCEa6or4a4JRil6kuBY40zMzme6xrxKYaaIgTJJcloAAAAAAAAAAAAAAAAAAAAAAAAAAAAAAAAAAAB44wfNIDB0VP91AYPDofNAYPb6vBtAw08nYMLJWl1Ndy9FkIz/wAyJyYa2P2vtmLNSxsOilxk5wlXXCDUmtHJaJcWhlGG9Ha4KKT005aL0DI0dx7S2fca3DMxKshSkpy64rWTitE21xfD1jJhyOBtnl/2TfbGOZCi/J/MfXKV1nS21pFQi3GPAynMo6Qs35h9kwg/l5F2Q/RXjX/+qMSPGTMNafmZ23x+Xh58n4fl1wTftlYifEy5Du3dtp362m/H2u3DzqZxf6yc6n1QT4xnGGren7r1MojCJ6tD5r8V9JKFPgT0zMnH116lLVvg+fgtX9gS2MKF1Vdkr3L4uPxyT0015ghz2Uqr8u6zpjJSm9HpwenA5PJvPnOH0j2rj1jj0i0RPT/1Q3bdh2x6bKYyXPTTT7DWtuvHq3p4eme9YQvYtsa4VaextftKvvWhE8LV8GL7f298lNf9RNdtpYf7DX8z+ibfD92TfrkyZ2TB/s9UfF5PacLThU1602I22yTxafCWr/TqPnQj835dbklOUo9XSteL0XF6F9N3pLT2aYjPj+j7x5cdjdt4GLXuW23x3LJsXS9wemkdVxjCH7j9OvxHTpWIjLx3uHL3XtNLR4RHp/Xd9LxcVVR48zJzWwAAAAAAAAAAAAAAAAAAAAAAAAAAAAAAAAAEGRl4lC1yLoVL0zko/boMCrye8u08Xhkbxh1v0O+tv3Jk+MiqyPNfy/o16t4rm14Vwts/yxZPhKPKFXkeeXY9Sar/AFl/ocKdF/jlAeEnkqsj/wCQW1x1/TbNlW6cnOddf2dZPgjyVGR/8gd8lJ/ptjphHw+ZdOb/AMMYonwPJX3+eXfVy/Jw8OhPgvgsm1/emT4QjylV5Hmn5n5GsVuMaYvwqoqj9bi2T4wjMpMfzB7wnWoZmZkTaXGddjjrp46LQnxgzKx27zB3nFl8G4Xrg/gt1sjq+fPqI8TK5r80N9nX0RzaeroUVNwj1ap69XHxfu9RHhCfJr5veHceY/iz5qHX8yMaWoJPp6dE48dPVqPGDKkS0fFEoeL06APDVBDKLfEJG34/cBpWUYyyXdZdBLi+ltR5rxeoMsMrcdrhU1PLp18IuyL+rUM6RmcNHG27V9Oq1XgvDxOfOjMvqOq0UpEfCEk8PjoUW466NrCzCnGtz0+FFV+NMRllG2Jlr6v7jVrOFj2KivDV+kym0QiSRVN5lLRy4Rk9frLKTLW3Vytuz+6s/tzcf1OJY4KX+tQ3+VavRNeHtOlx99e09HJ5vDruri0fn6w/S+3Z1Wbh05VUlKF0FNNNNcVrzRuvCXrNbTE94boYgAAAAAAAAAAAAAAAAAAAAAAAAAAAAGnuUsiG3ZMsZN5MapypSWr61FuKSfrEJfBdw7n847H8eDusH6IRjV/khEuiKqJtb4KDcM3zIyuGZt263r0W23te4yjCJmVPdi90ybc9gvb9M1ZL7UTmEdUDx+5o8tjnH2wn9xGYZQwm+6l//Jcf9uYShlkd1R/8Dp/25fcBDPL7qXPH6fZW0QlDLO7n46Qa9Hw/8AdGDze5nzbX0AzCOWb3G/xWT19K4EozCN5G/t/6s19LB0YPI37X/Unr7QdHn6nfm9PnT9fEGYFl79F/DkWRfhpJgzCavO7n1+DOyF7JyJR5Q2qsvumT1e45Pr0kwibtmGR3Kv8Azsh+2bJ6MJmUjh3FdxllXvXg/jl+wdDqQ7d33I4KN9mvL8ciMwnEraflP3dGKnZg2S1Skkl1Pjx8PEjzhP25VmZ2Lv8AjOLnt9tcYTjKc5rp6Yppt8iLX6S2OJqmdtf/AChu122wk9JNHCtS0PqVLtiGVJPXqevpKPK8Tld5Q3f6jbPHlTN66+PsLrcq1qTWURqjOYa6NOvdZDLwIiMsnukdG34GxSkIyr758TGIhrbJ6o649TaJljWMr3t/ubuHYLOvasydNeusseXx1S9sHw+ngW6uVavTLX5Pt2nfH1x1+L6bsPnhh2KNO+4csafJ5OPrZX7XD8UfrN2nLrPfo85yv43sr11z5R8J7voe177s+7Uq7bcyrKg1q/lyTa9sfxL6TZiYnrDgbuPs1Ti8TErIyUAAAAAAAAAAAAAAAAAAAAAAAAAAAANe3DrseuoEf9Or9IHj26PpYD+mx9IQ8e3L+IJwxe1xfj7yUMXs9T5xi/al+1DJhHLYsaXOut+2MfuGTCOXbmBJfFi0y9tcP2oZMIJ9pbRLjLBxn7aofcPIwhl2TsUvxbbiv/ah9wzJhDPy/wC3J89qxvogl9hPlKMNefln2tN8dqp19Skv2jykwgl5V9pS57XWuPhKa/8AUPKTxYw8rO04PVbbF+2c3+0ecni26fLntmr8O10/SnL7Wx5SeMN2rszZa38G3Y0f9qP7UR5Jw3K+38StfBRVH+zCK/YMmGzDa4pcHp6l/wAAYSx26pL1kJQZuzY2ViXY1jarug659L0ekk09NRllS01mJjvD5nvPkxTrJ7fl6Pmo3R4f3o/cRNIl3dPvto/dH6OQ3Dyw7oxG+nH+fBa/HVJS/wAPP6im3GiXW0e+abd5x+KjyNtycSLhfCVdkeEoyTTXt1NbZxsR1d3RyK3jMTlHWtdDm4y2oTOOhd4sco8mXy6tC20TWEZ9VTZPjxZVENS0tjElBSWvEyraInqt0zCwca5rVcDO9YlfGVngduWX0fqb59GOoqyTjw0g5dPVKcvhST8FrIs1cOZ6zPRpbudFbeNYzbt+eP6+TV3DAydpzoWY87KJP4q7YuVc048JLVdL4P6mmY76zqt07M9Oym+k+URPx/r+vV0ex+a3eOBOFV1i3Srkq74/mv2Th8XvTLNXLn16ubyv4/x7xmv0T8u39fo+gbH5xdr5yjXnOe23vhpcuqvX1WR4e/Q26b6W9cPPcr+P8jX1rHnHy/ydriZmLl1K7FuhfU+VlclOL+lMtcW9LVnFomJbJLAAAAAAAAAAAAAAAAAAAAAAAAAAAAAAAAAAAAAAAAAAAAAAAAAB44xlzWoEU8Wmfhp7APnfm9teHDZoZnSv1HX8nq4auMk3z9Whhs/ZL0H8evb73jH7e75DiUu22Na/EzjcfX52w9ze3jGU10FXY4v902b0iLYYUnMZVWdcpS4PVFN7ZljstiMK2TbloK1zLSzmWxjz0ZVaFuu2G9XP1leZht1uucDuDJx6YUTSnRBOKim4vRvq0enwy4vX4os3tPNxGLdmtu4VbzNo6Wn+v6wl3fc47ko9EFH4nbbKWkpzsktHJ6aJcElwRdtvG2OiOLx/s95+X4Qu+1dtqrxa5uqc8nInKUcjEkpWVRrTko3a69MZNclpr4vTgW8fVFY+bm+5b5m0xmPGI7W7Tn4fh/7OPy1TPJunQmqZ2TlVGWiahKTaT09COZsz5Tjs72uJisRbvERlZYFPcG1rCytrypVXZ7n+nrxZtyfRp1dceS5+JtU+5WIx/d6NLd9jb5V2R0pjOY+LrMDzd7r2u79NvWJDLcUnLVfKt6WuD1jrB6+wvjkTE4tDkbf49o2x5arY/wAYdltHm72ln9MMiyzb7nzjkR+HX+3HVF9dtZ7S4vI9g5GvtHnHydfh7jgZ1XzMTIryINa9Vc1JafQ2WQ5GzVak4tEx+LbCsAAAAAAAAAAAAAAAAAAAAAAAAAAAAAAAAAAAAAAAAAAAAAAAD5x5zT02nCqX71s5af2UvvMNn7Zek/jcf/1tPyfHqMqdEpdGmr8fHh6Dk03TrmcPa31xaOrXycmT6pSl8UuZTOy1p6sbTFYxCumnZrobOrVmGrst8XscNqL5t+s3KaYiGlOxjGmxPkVW0ZW02wmg5x4afQal9Ew3KzEpo2lE1mFkSkjZppoyImY7M4u2Kc22qXVGTUlyaej96L6cm0E0rbuz+dRZ+JdLLfOlk+MwucLdMaVkKsiTx6IYM8Gq2pfMcHPVys6dVr1NvXR+JtVvWZx8sOdt41oiZr9UzeLTE9M/JcY+dgSoxrMa6unBw5KrNjc4q63GorSqh0PVyVsnLhHk2XRaJxjt6tC+m/lMWiZvbrXGfGLWnrOfl0auV29t0JSxrcV0VV5GJRVlpyU75X6Su011i4xi9Y9K4GE6a9sesLtfN2THlFszNbzNen0+Pb/VR5e2Zmzx+esieLdO6yGNVByjZKuuTj819LWkdVovSal/LVGc46t/XupvnGPKIiJn4Zn+1abV3533j6rGzb8uFa6pQnD5yjH0t6NpGevl3n0y1eR7RxLd6xXPzw6Db/PDdq9FnYFWRFfinVJwb+h6ourzKz3hztv8YpP7LTH4uiwfOztu1JZWNkYr9KSsXvTRZXkUn1c7b/G98ftmtl7ieZXZWSl0bnXW3+7apQf1oti8T2mGhs9n5VO9J/JcY+/bLkpOjPx7NeXTbBv3amWGnfjbK962j8pbtdlclrGSkvU9QpmMJAgAAAAAAAAAAAAAAAAAAAAAAAAAAAAAAAAAAAAAAAAD5x5wQlPEwtF8Kdmr9fwkWj6Zek/jtsXt+T4vkaxlL1M5O3V1e18ujRtlJkU1NfZLawsbWEm1yOjqpiHP3bH0Psry5rzqYbhuqk6LPix8Rarrj/FN89PQkXRDzfO9ymszWneO8votPZGxfI+UttxlXppp8uLfH1tamTkf7nbnPlP6qDefKDY8lOeJ14djXBR+OHufFe8xmsS6PH963a+/1Q4TefKvuDC1lRBZdS5OrjLT1xfH3FF+NEu9xvf9V+lvplyOTgZmLNwurlXOL4xkmn9ZqbOJMO1TfW8ZicolZJGtbTMLoZq0qmswnymGcbUMyy82cbpJ8JExttCcw2f6nmN0dds7FjNPHjKTaho9fhT1S4l8cqemfRh9mnXERHl3Z7humTuWZZmZtjtyLX1Sm/sS5JL0C++LzmUaNFdVIpSMVh1vY297Htu25Xzsv9PmyuU+iSl+bBVuNcdVw0U59Uk/A3+LekVxE9XE934u7bsrivlTx/Tr1/w7Ie9cTHxdo2rFax550ZWOzJx1WuuqOkYNdC/DP8XxavUw5lI8Yj1Z+1bLX27LfV4dMROe/r39Y7dHHuqRzvt2js7+WLqfitWPqMvFW09UtH6v+BlF7QS2Kc3Po/0sm2v+zOS+wsjlXj4qraKW71ifyWFPd/dVCSr3XKilyTscl9ZlHMu1re2ce3elf0WFHmV3tVp/+SlZp/HGEv2Gcc63wUX9j4s/2Y/OVjj+cPd1bXzJU3RXPqrSb+mOhZHOj1hq3/jfHnt5R+bo9m87cS2yNW8Yjx1J6fqKW5RXti+P1l9OVrtOHK5X8avWM67eXyl9KxMzGzMaGTi2RuotSlXZF6xafoNh5q9JrM1tGJhshgAAAAAAAAAAAAAAAAAAAAAAAAAAAAAAAAAAA5fv/Z57jsU/lQ6rsd/MjHxa00kl9pMOn7Vyftboz2l8D3HDnXOT0b0ZRbW9197or6sWUrOKMaa2vt2uz7S7Vt3PIhGSccSDUsiz1fwr1s2YjEOHz+bGuP8A5T2fbttxIV1xaioxikoRXJJcEkRl5buswAEc6K5rjFe0Cr3Lt3bNwrccrHrvTX78VqvY+ZOVmrdfXOazMfg4fe/J/a7+qzCnLFm+UJfHD+ZfWYzWJdjj+/badLx5Q4LePLXuHb5OSpd9K5Tq+JfT6Ci3Giezvcb3vTs6ZxPzczfg5VD0trlFrnqtDVvxZdWu6tu0oOqaZrTomFkSy+bIrnXKcvVcjGap85ZfNRGE+bKNyXJ6E+Vo9U+bP9Q14mUbLJ84ZLJengZRtlOYe/qfUZfeT0e/qI+KJ+7A9WRXpyJ+7CMHz6vQR92p+b1ZFGnFGUbKH5ob76ZLhHRmNrVnseWPV3HlZ33ZtWXDac2TlgZU+mqT4/KslwT/ALMvE6PG2eVcS83737dG2s7afvrH6w+7xkmtUbLxT0AAAAAAAAAAAAAAAAAAAAAAAAAAAAAAAAAAHjWq0YHFdxeXm17hZO6nXHsm9ZKK1g/+nw+gnLqcf3bbrjE/VCjwvK/CquUr7p2/8kYqPvb1JZ7feLWj6Yw7ba9moxao1U1KqmHKC+1+kiZcq97XnNpzK6hCMY9MeRDFkAAAADSfNagQ2YtU/DT2AVG5drbXmprIxq7dfFx0lx9a4k5XauRs1/ttMOS3Tyj2S/V0dePJ/wALUo+56P6zGaxPeHT0++bq98WcnuPk9ulTk8S+u5eEZawf18PrK50Vl09P8hpP7omHN53YPc2Gm54Vjiv3oLrXvWpVbiw6Wr3fTftaPzUl235tMnG2qUGvCSaKLcSW7XkVntKGULY80V24zPzrLHqmvArnRKfKHnzHoY/Zky9+ayPtSnJ81j7MkWPnSJ+zJkdsh9mTyefMm/AyjRKPP5pacbJyLIwrhKUpPRJLV6l2vi9VV91YjMy+m9l+WVtdtG4btrGVbVlOGvxNp6pz9HsOhTVFXmvcPe8xNNfr0z/k+yYUZqr4zN5psAAAAAAAAAAAAAAAAAAAAAAAAAAAAAAAAAAAAAMfl1666LUDJLQAAAAAAAAAANJ8wMJVVy/FFARTwaXxXBgw08jZMW9NW1xtT5qcVL7Scpraa9pmFTldh9v3/wCpt9LfpUen/K0GzXm769rSrb/K3tizng9HrhOa/ayOi6vuvIj+7/CGjZ5P9tSeqrvj6lZ98WR4wtj3rkfGP0Qy8m+3Xy/Ur/rj/KR4Qyj3zf8AL9P9WD8me33ylk/3ofyjwhP/ADm/4R/X5i8me39fxZL1/wCaH8pPhU/5zf8ACP6/NnHyd7dT/wDIfqc4/wAo8YYz73vn/t/T/VvY3lX2zVzw5Wv/ALk5P6l0k4hVf3XkT64/CF7t3am24On6TDqoa/ejH4v7z4k5ae3kbL/utMrvHwq61q+LIVNoAAAAAAAAAAAAAAAAAAAAAAAAAAAAAAAAAAAAAAAAAAAAAAAAAAAAAAAAAA0QDRANEA0QAAAAAAAAAAAAAAAAAAAAAAAAAAAAAAAAAAAAAAAAAAAAAAAAAAAAAAAAAAAAAAAAAAAAAAAAAAAAAAAAAAAAAAAAAAAAAAAAAAAAAAAAAAAAAAAAAAAAAAAAAAAAAAAAAAAAAAAAAAAAAAAAAAAAAAAAAAAAAAAAAAAAAAAAAAAAAAAAAAAAAAAAAAAAAAAAAAAAAAAAAAAAAAAAAAAAAAAAAAAAAAAAAAAAAAAAAAAAAAAAAAAAAAAAAAAAAAAAAAAAAAAAAAAAAAAAAAAAAAAAAAAAAAAAAAAAAAAAAAAAAAAAAAAAAAAAAAAAAAAAAAAAAAAAAAAAAAAAAAAAAAAAAAAAAAAAAAAAAAAAAAAAAAAAAAAAAAAAAAAAAAAAAAAAAAAAAAAAAAAAAAAAAAAAAAAAAAAAAAAAAAAAAAAAAAAAAAAAAAAAAAAAAAAAAAAAAAAAAAAAAAAAAAAAAAAAAAAAAAAAAAAAAAAAAAAAAAAAAAAAAAAAAAAAAAAAAAAAAAAAAAAAAAAAAAAAAAAAAAAAAAAAAAAAAAAAAAAAAAAAAAAAAAAAAAAAAAAAAAAAAAAAAAAAAAAAAAAAAAAAAAAAAAAAAAAAAAAAAAAAAAAAAAAAAAAAAAAAAAAAAAAAAAAAAAAAAAAAAAAAAAAAAAAAAAAAAAAAAAAAAAAAAAAAAAAAAAAAAAAAAAAAAAAAAAAAAAAAAAAAAAAAAAAAAAAAAAAAAAAAAAAAAAAAAAAAAAAAAAAAAAAAAAAAAAAAAAAAAAAAAAAAAAAAAAAAAAAAAAAAAAAAAAAAAAAAAAAAAAAAAAAAAAAAAAAAAAAAAAAAAAAAAAAAAAAAAAAAAAAAAAAAAAAAAAAAAAP/2Q==',40,4,''),
(13,'Martillote','',12,4,''),
(14,'Martillote','',12,4,'');

/*Table structure for table `producto_categoria` */

CREATE TABLE `producto_categoria` (
  `id_producto` int(11) NOT NULL,
  `id_categoria` int(11) NOT NULL,
  PRIMARY KEY (`id_producto`,`id_categoria`),
  KEY `producto_categoria_categoria_id_categoria_fk` (`id_categoria`),
  CONSTRAINT `producto_categoria_categoria_id_categoria_fk` FOREIGN KEY (`id_categoria`) REFERENCES `categoria` (`id_categoria`),
  CONSTRAINT `producto_categoria_producto_id_producto_fk` FOREIGN KEY (`id_producto`) REFERENCES `producto` (`id_producto`)
) ENGINE=InnoDB DEFAULT CHARSET=utf8;

/*Data for the table `producto_categoria` */

insert  into `producto_categoria`(`id_producto`,`id_categoria`) values 
(11,1),
(12,1),
(13,3);

/*Table structure for table `producto_cliente` */

CREATE TABLE `producto_cliente` (
  `id_producto` int(11) NOT NULL DEFAULT '0',
  `id_cliente` int(11) NOT NULL,
  `calificacion` float NOT NULL,
  `comentario` text NOT NULL,
  PRIMARY KEY (`id_cliente`,`id_producto`),
  KEY `productoclientefk2` (`id_producto`),
  CONSTRAINT `productoclientefk1` FOREIGN KEY (`id_producto`) REFERENCES `producto` (`id_producto`),
  CONSTRAINT `productoclientefk2` FOREIGN KEY (`id_cliente`) REFERENCES `cliente` (`id_cliente`)
) ENGINE=InnoDB DEFAULT CHARSET=utf8;

/*Data for the table `producto_cliente` */

/*Table structure for table `proveedor` */

CREATE TABLE `proveedor` (
  `id_proveedor` int(11) NOT NULL AUTO_INCREMENT,
  `proveedor` varchar(30) DEFAULT NULL,
  PRIMARY KEY (`id_proveedor`)
) ENGINE=InnoDB AUTO_INCREMENT=8 DEFAULT CHARSET=utf8;

/*Data for the table `proveedor` */

insert  into `proveedor`(`id_proveedor`,`proveedor`) values 
(1,'Apple'),
(2,'Proveedores del Bajio'),
(3,'Altamira Inc.'),
(4,'El Pythonizo'),
(5,'El Apolo sabe'),
(6,'AG'),
(7,'');

/*Table structure for table `rol` */

CREATE TABLE `rol` (
  `id_rol` int(11) NOT NULL AUTO_INCREMENT,
  `rol` varchar(30) DEFAULT NULL,
  PRIMARY KEY (`id_rol`)
) ENGINE=InnoDB AUTO_INCREMENT=7 DEFAULT CHARSET=utf8;

/*Data for the table `rol` */

insert  into `rol`(`id_rol`,`rol`) values 
(1,'Administrador'),
(2,'Usuario'),
(3,'Cliente'),
(4,'Empleado'),
(5,'Secretaria'),
(6,'Atencion a Clientes');

/*Table structure for table `rol_privilegio` */

CREATE TABLE `rol_privilegio` (
  `id_rol` int(11) NOT NULL DEFAULT '0',
  `id_privilegio` int(11) NOT NULL DEFAULT '0',
  PRIMARY KEY (`id_rol`,`id_privilegio`),
  KEY `rol_privFK2` (`id_privilegio`),
  CONSTRAINT `rol_privFK1` FOREIGN KEY (`id_rol`) REFERENCES `rol` (`id_rol`),
  CONSTRAINT `rol_privFK2` FOREIGN KEY (`id_privilegio`) REFERENCES `privilegio` (`id_privilegio`)
) ENGINE=InnoDB DEFAULT CHARSET=utf8;

/*Data for the table `rol_privilegio` */

insert  into `rol_privilegio`(`id_rol`,`id_privilegio`) values 
(1,1);

/*Table structure for table `rol_usuario` */

CREATE TABLE `rol_usuario` (
  `id_rol` int(11) NOT NULL DEFAULT '0',
  `id_usuario` int(11) NOT NULL DEFAULT '0',
  PRIMARY KEY (`id_rol`,`id_usuario`),
  KEY `rol_usuarioFK2` (`id_usuario`),
  CONSTRAINT `rol_usuarioFK1` FOREIGN KEY (`id_rol`) REFERENCES `rol` (`id_rol`),
  CONSTRAINT `rol_usuarioFK2` FOREIGN KEY (`id_usuario`) REFERENCES `usuario` (`id_usuario`)
) ENGINE=InnoDB DEFAULT CHARSET=utf8;

/*Data for the table `rol_usuario` */

insert  into `rol_usuario`(`id_rol`,`id_usuario`) values 
(1,1),
(3,1),
(3,2),
(3,3),
(3,4),
(3,5),
(3,6),
(3,8);

/*Table structure for table `serviciocambio` */

CREATE TABLE `serviciocambio` (
  `id` int(11) NOT NULL,
  `usd` decimal(10,0) DEFAULT NULL,
  `fecha` date DEFAULT NULL,
  PRIMARY KEY (`id`)
) ENGINE=InnoDB DEFAULT CHARSET=utf8;

/*Data for the table `serviciocambio` */

insert  into `serviciocambio`(`id`,`usd`,`fecha`) values 
(1,'18','0000-00-00');

/*Table structure for table `usuario` */

CREATE TABLE `usuario` (
  `id_usuario` int(11) NOT NULL AUTO_INCREMENT,
  `email` varchar(50) NOT NULL,
  `password` varchar(50) NOT NULL,
  `clave` varchar(32) DEFAULT NULL,
  `nombre` varchar(50) DEFAULT NULL,
  PRIMARY KEY (`id_usuario`)
) ENGINE=InnoDB AUTO_INCREMENT=10 DEFAULT CHARSET=utf8;

/*Data for the table `usuario` */

insert  into `usuario`(`id_usuario`,`email`,`password`,`clave`,`nombre`) values 
(1,'admin@ferreweb.com','66a6aa32580a8340bb704a96da42b656',NULL,NULL),
(2,'cliente@ferreweb.com','e48e13207341b6bffb7fb1622282247b',NULL,NULL),
(3,'isnopitag@hotmail.com','e48e13207341b6bffb7fb1622282247b',NULL,NULL),
(4,'equipojazzpomms@hotmail.com','e48e13207341b6bffb7fb1622282247b',NULL,NULL),
(5,'cl@cli.com','e48e13207341b6bffb7fb1622282247b',NULL,NULL),
(6,'creshandkesh@gmail.com','e48e13207341b6bffb7fb1622282247b',NULL,NULL),
(7,'creshandkesh@gmail.com','69b5ef06c45571ae9fda267c3b8d5a4f',NULL,NULL),
(8,'admin@foroweb.com','e48e13207341b6bffb7fb1622282247b',NULL,NULL),
(9,'creshandkesh@gmail.com','66a6aa32580a8340bb704a96da42b656',NULL,NULL);

/*Table structure for table `vistacarrito` */

DROP TABLE IF EXISTS `vistacarrito`;

/*!50001 CREATE TABLE  `vistacarrito`(
 `id_carrito` int(11) ,
 `id_cliente` int(11) ,
 `id_producto` int(11) ,
 `cantidad` decimal(8,2) ,
 `precio` float ,
 `subtotal` double ,
 `nombre` varchar(50) ,
 `foto` blob 
)*/;

/*View structure for view vistacarrito */

/*!50001 DROP TABLE IF EXISTS `vistacarrito` */;
/*!50001 CREATE ALGORITHM=UNDEFINED DEFINER=`root`@`localhost` SQL SECURITY DEFINER VIEW `vistacarrito` AS (select `c`.`id_carrito` AS `id_carrito`,`c`.`id_cliente` AS `id_cliente`,`cd`.`id_producto` AS `id_producto`,`cd`.`cantidad` AS `cantidad`,`p`.`precio` AS `precio`,(`cd`.`cantidad` * `p`.`precio`) AS `subtotal`,`p`.`nombre` AS `nombre`,`p`.`foto` AS `foto` from ((`carrito` `c` join `carrito_detalle` `cd` on((`c`.`id_carrito` = `cd`.`id_carrito`))) join `producto` `p` on((`p`.`id_producto` = `cd`.`id_producto`)))) */;

/*!40101 SET SQL_MODE=@OLD_SQL_MODE */;
/*!40014 SET FOREIGN_KEY_CHECKS=@OLD_FOREIGN_KEY_CHECKS */;
/*!40014 SET UNIQUE_CHECKS=@OLD_UNIQUE_CHECKS */;
/*!40111 SET SQL_NOTES=@OLD_SQL_NOTES */;
